1776591315547,3029,Shared DB,0,OK,Thread Group 1-6,text,true,,17,0,265,265,null,0,0,0
1776591315529,3065,Shared DB,0,OK,Thread Group 1-2,text,true,,17,0,264,264,null,0,0,0
1776591315533,3901,Shared DB,0,OK,Thread Group 1-3,text,true,,17,0,283,283,null,0,0,0
1776591315604,4355,Shared DB,0,OK,Thread Group 1-17,text,true,,17,0,291,291,null,0,0,0
1776591315522,5794,Shared DB,0,OK,Thread Group 1-1,text,true,,17,0,319,319,null,0,0,0
1776591315583,6063,Shared DB,0,OK,Thread Group 1-13,text,true,,17,0,324,324,null,0,0,0
1776591315597,6301,Shared DB,0,OK,Thread Group 1-16,text,true,,17,0,329,329,null,0,0,0
1776591315568,6538,Shared DB,0,OK,Thread Group 1-10,text,true,,17,0,332,332,null,0,0,0
1776591315564,7123,Shared DB,0,OK,Thread Group 1-9,text,true,,17,0,346,346,null,0,0,0
1776591315608,7334,Shared DB,0,OK,Thread Group 1-18,text,true,,17,0,351,351,null,0,0,0
1776591315557,8531,Shared DB,0,OK,Thread Group 1-8,text,true,,17,0,371,371,null,0,0,0
1776591315613,10125,Shared DB,0,OK,Thread Group 1-19,text,true,,17,0,398,398,null,0,0,0
1776591315578,10851,Shared DB,0,OK,Thread Group 1-12,text,true,,17,0,410,410,null,0,0,0
1776591315543,11005,Shared DB,0,OK,Thread Group 1-5,text,true,,17,0,412,412,null,0,0,0
1776591315574,11068,Shared DB,0,OK,Thread Group 1-11,text,true,,17,0,413,413,null,0,0,0
1776591315539,11545,Shared DB,0,OK,Thread Group 1-4,text,true,,17,0,419,419,null,0,0,0
1776591315589,11827,Shared DB,0,OK,Thread Group 1-14,text,true,,17,0,426,426,null,0,0,0
1776591315619,12550,Shared DB,0,OK,Thread Group 1-20,text,true,,17,0,438,438,null,0,0,0
1776591315623,14032,Shared DB,0,OK,Thread Group 1-21,text,true,,17,0,462,462,null,0,0,0
1776591315628,16106,Shared DB,0,OK,Thread Group 1-22,text,true,,17,0,496,496,null,0,0,0
1776591315592,18558,Shared DB,0,OK,Thread Group 1-15,text,true,,17,0,533,533,null,0,0,0
1776591315632,18945,Shared DB,0,OK,Thread Group 1-23,text,true,,17,0,539,539,null,0,0,0
1776591315639,22187,Shared DB,0,OK,Thread Group 1-24,text,true,,17,0,596,596,null,0,0,0
1776591315554,24833,Shared DB,0,OK,Thread Group 1-7,text,true,,17,0,637,637,null,0,0,0
1776591315643,26343,Shared DB,0,OK,Thread Group 1-25,text,true,,17,0,662,662,null,0,0,0
1776591315648,32091,Shared DB,0,OK,Thread Group 1-26,text,true,,17,0,753,753,null,0,0,0
1776591315654,38477,Shared DB,0,OK,Thread Group 1-27,text,true,,17,0,828,828,null,0,0,0
1776591315657,41187,Shared DB,0,OK,Thread Group 1-28,text,true,,17,0,868,868,null,0,0,0
1776591317551,71730,Shared DB,0,OK,Thread Group 1-233,text,true,,17,0,960,960,null,0,0,0
1776591319829,69452,Shared DB,0,OK,Thread Group 1-292,text,true,,17,0,960,960,null,0,0,0
1776591320546,68735,Shared DB,0,OK,Thread Group 1-309,text,true,,17,0,960,960,null,0,0,0
1776591316133,73247,Shared DB,0,OK,Thread Group 1-123,text,true,,17,0,960,960,null,0,0,0
1776591317389,71996,Shared DB,0,OK,Thread Group 1-227,text,true,,17,0,960,960,null,0,0,0
1776591316342,73042,Shared DB,0,OK,Thread Group 1-163,text,true,,17,0,960,960,null,0,0,0
1776591316964,72417,Shared DB,0,OK,Thread Group 1-212,text,true,,17,0,960,960,null,0,0,0
1776591318367,71014,Shared DB,0,OK,Thread Group 1-259,text,true,,17,0,960,960,null,0,0,0
1776591316732,72549,Shared DB,0,OK,Thread Group 1-203,text,true,,17,0,960,960,null,0,0,0
1776591316413,72968,Shared DB,0,OK,Thread Group 1-175,text,true,,17,0,960,960,null,0,0,0
1776591316557,72826,Shared DB,0,OK,Thread Group 1-194,text,true,,17,0,960,960,null,0,0,0
1776591322332,67050,Shared DB,0,OK,Thread Group 1-346,text,true,,17,0,960,960,null,0,0,0
1776591316174,73211,Shared DB,0,OK,Thread Group 1-131,text,true,,17,0,960,960,null,0,0,0
1776591315908,73482,Shared DB,0,OK,Thread Group 1-78,text,true,,17,0,960,960,null,0,0,0
1776591316127,73256,Shared DB,0,OK,Thread Group 1-122,text,true,,17,0,960,960,null,0,0,0
1776591322383,66898,Shared DB,0,OK,Thread Group 1-348,text,true,,17,0,960,960,null,0,0,0
1776591316209,73181,Shared DB,0,OK,Thread Group 1-138,text,true,,17,0,960,960,null,0,0,0
1776591316169,73214,Shared DB,0,OK,Thread Group 1-130,text,true,,17,0,960,960,null,0,0,0
1776591316356,73023,Shared DB,0,OK,Thread Group 1-166,text,true,,17,0,960,960,null,0,0,0
1776591315698,73699,Shared DB,0,OK,Thread Group 1-36,text,true,,17,0,960,960,null,0,0,0
1776591316190,73197,Shared DB,0,OK,Thread Group 1-134,text,true,,17,0,960,960,null,0,0,0
1776591315683,73711,Shared DB,0,OK,Thread Group 1-33,text,true,,17,0,960,960,null,0,0,0
1776591315681,73713,Shared DB,0,OK,Thread Group 1-32,text,true,,17,0,960,960,null,0,0,0
1776591321325,67956,Shared DB,0,OK,Thread Group 1-324,text,true,,17,0,960,960,null,0,0,0
1776591315674,73723,Shared DB,0,OK,Thread Group 1-31,text,true,,17,0,960,960,null,0,0,0
1776591316023,73373,Shared DB,0,OK,Thread Group 1-101,text,true,,17,0,960,960,null,0,0,0
1776591316705,72677,Shared DB,0,OK,Thread Group 1-202,text,true,,17,0,960,960,null,0,0,0
1776591315688,73708,Shared DB,0,OK,Thread Group 1-34,text,true,,17,0,960,960,null,0,0,0
1776591315669,73727,Shared DB,0,OK,Thread Group 1-30,text,true,,17,0,960,960,null,0,0,0
1776591315719,73679,Shared DB,0,OK,Thread Group 1-40,text,true,,17,0,960,960,null,0,0,0
1776591322711,66570,Shared DB,0,OK,Thread Group 1-355,text,true,,17,0,960,960,null,0,0,0
1776591315712,73687,Shared DB,0,OK,Thread Group 1-39,text,true,,17,0,960,960,null,0,0,0
1776591315693,73702,Shared DB,0,OK,Thread Group 1-35,text,true,,17,0,962,962,null,0,0,0
1776591315663,73729,Shared DB,0,OK,Thread Group 1-29,text,true,,17,0,962,962,null,0,0,0
1776591315723,73699,Shared DB,0,OK,Thread Group 1-41,text,true,,17,0,962,962,null,0,0,0
1776591315708,73714,Shared DB,0,OK,Thread Group 1-38,text,true,,17,0,962,962,null,0,0,0
1776591315738,73684,Shared DB,0,OK,Thread Group 1-44,text,true,,17,0,962,962,null,0,0,0
1776591315983,73438,Shared DB,0,OK,Thread Group 1-93,text,true,,17,0,962,962,null,0,0,0
1776591315993,73429,Shared DB,0,OK,Thread Group 1-95,text,true,,17,0,962,962,null,0,0,0
1776591320614,68667,Shared DB,0,OK,Thread Group 1-311,text,true,,17,0,959,959,null,0,0,0
1776591315833,73593,Shared DB,0,OK,Thread Group 1-63,text,true,,17,0,960,960,null,0,0,0
1776591315793,73634,Shared DB,0,OK,Thread Group 1-55,text,true,,17,0,959,959,null,0,0,0
1776591315813,73612,Shared DB,0,OK,Thread Group 1-59,text,true,,17,0,958,958,null,0,0,0
1776591316454,72827,Shared DB,0,OK,Thread Group 1-182,text,true,,17,0,958,958,null,0,0,0
1776591320386,68895,Shared DB,0,OK,Thread Group 1-305,text,true,,17,0,948,948,null,0,0,0
1776591316875,72406,Shared DB,0,OK,Thread Group 1-207,text,true,,17,0,948,948,null,0,0,0
1776591316847,72435,Shared DB,0,OK,Thread Group 1-206,text,true,,17,0,946,946,null,0,0,0
1776591322410,66871,Shared DB,0,OK,Thread Group 1-350,text,true,,17,0,946,946,null,0,0,0
1776591322250,67031,Shared DB,0,OK,Thread Group 1-344,text,true,,17,0,944,944,null,0,0,0
1776591318513,70768,Shared DB,0,OK,Thread Group 1-264,text,true,,17,0,944,944,null,0,0,0
1776591316782,72499,Shared DB,0,OK,Thread Group 1-204,text,true,,17,0,943,943,null,0,0,0
1776591324370,64911,Shared DB,0,OK,Thread Group 1-384,text,true,,17,0,942,942,null,0,0,0
1776591320106,69175,Shared DB,0,OK,Thread Group 1-298,text,true,,17,0,942,942,null,0,0,0
1776591316427,72854,Shared DB,0,OK,Thread Group 1-169,text,true,,17,0,942,942,null,0,0,0
1776591316940,72341,Shared DB,0,OK,Thread Group 1-210,text,true,,17,0,942,942,null,0,0,0
1776591320461,68820,Shared DB,0,OK,Thread Group 1-306,text,true,,17,0,943,943,null,0,0,0
1776591316466,72815,Shared DB,0,OK,Thread Group 1-184,text,true,,17,0,942,942,null,0,0,0
1776591319519,69762,Shared DB,0,OK,Thread Group 1-287,text,true,,17,0,936,936,null,0,0,0
1776591322122,67159,Shared DB,0,OK,Thread Group 1-340,text,true,,17,0,934,934,null,0,0,0
1776591315778,73644,Shared DB,0,OK,Thread Group 1-52,text,true,,17,0,934,934,null,0,0,0
1776591315754,73668,Shared DB,0,OK,Thread Group 1-47,text,true,,17,0,933,933,null,0,0,0
1776591329641,59640,Shared DB,0,OK,Thread Group 1-480,text,true,,17,0,932,932,null,0,0,0
1776591315728,73694,Shared DB,0,OK,Thread Group 1-42,text,true,,17,0,932,932,null,0,0,0
1776591316815,72466,Shared DB,0,OK,Thread Group 1-205,text,true,,17,0,932,932,null,0,0,0
1776591316062,73365,Shared DB,0,OK,Thread Group 1-109,text,true,,17,0,931,931,null,0,0,0
1776591330314,58967,Shared DB,0,OK,Thread Group 1-491,text,true,,17,0,928,928,null,0,0,0
1776591324491,64790,Shared DB,0,OK,Thread Group 1-387,text,true,,17,0,928,928,null,0,0,0
1776591315703,73700,Shared DB,0,OK,Thread Group 1-37,text,true,,17,0,931,931,null,0,0,0
1776591317217,72064,Shared DB,0,OK,Thread Group 1-221,text,true,,17,0,928,928,null,0,0,0
1776591315767,73655,Shared DB,0,OK,Thread Group 1-50,text,true,,17,0,928,928,null,0,0,0
1776591320231,69050,Shared DB,0,OK,Thread Group 1-301,text,true,,17,0,925,925,null,0,0,0
1776591315757,73665,Shared DB,0,OK,Thread Group 1-48,text,true,,17,0,924,924,null,0,0,0
1776591316018,73407,Shared DB,0,OK,Thread Group 1-100,text,true,,17,0,962,962,null,0,0,0
1776591323636,65645,Shared DB,0,OK,Thread Group 1-374,text,true,,17,0,924,924,null,0,0,0
1776591323714,65567,Shared DB,0,OK,Thread Group 1-375,text,true,,17,0,924,924,null,0,0,0
1776591317968,71313,Shared DB,0,OK,Thread Group 1-247,text,true,,17,0,918,918,null,0,0,0
1776591315817,73609,Shared DB,0,OK,Thread Group 1-60,text,true,,17,0,911,911,null,0,0,0
1776591316013,73409,Shared DB,0,OK,Thread Group 1-99,text,true,,17,0,911,911,null,0,0,0
1776591316429,72852,Shared DB,0,OK,Thread Group 1-178,text,true,,17,0,900,900,null,0,0,0
1776591316917,72364,Shared DB,0,OK,Thread Group 1-209,text,true,,17,0,894,894,null,0,0,0
1776591323584,65697,Shared DB,0,OK,Thread Group 1-370,text,true,,17,0,894,894,null,0,0,0
1776591318887,70394,Shared DB,0,OK,Thread Group 1-273,text,true,,17,0,894,894,null,0,0,0
1776591319468,69813,Shared DB,0,OK,Thread Group 1-286,text,true,,17,0,881,881,null,0,0,0
1776591322803,66478,Shared DB,0,OK,Thread Group 1-358,text,true,,17,0,881,881,null,0,0,0
1776591318416,70865,Shared DB,0,OK,Thread Group 1-262,text,true,,17,0,881,881,null,0,0,0
1776591320491,68790,Shared DB,0,OK,Thread Group 1-307,text,true,,17,0,879,879,null,0,0,0
1776591324076,65205,Shared DB,0,OK,Thread Group 1-381,text,true,,17,0,879,879,null,0,0,0
1776591315743,73683,Shared DB,0,OK,Thread Group 1-45,text,true,,17,0,876,876,null,0,0,0
1776591323304,65977,Shared DB,0,OK,Thread Group 1-366,text,true,,17,0,875,875,null,0,0,0
1776591316911,72370,Shared DB,0,OK,Thread Group 1-208,text,true,,17,0,875,875,null,0,0,0
1776591315735,73687,Shared DB,0,OK,Thread Group 1-43,text,true,,17,0,873,873,null,0,0,0
1776591315837,73622,Shared DB,0,OK,Thread Group 1-64,text,true,,17,0,873,873,null,0,0,0
1776591315789,73670,Shared DB,0,OK,Thread Group 1-54,text,true,,17,0,872,872,null,0,0,0
1776591315783,73676,Shared DB,0,OK,Thread Group 1-53,text,true,,17,0,872,872,null,0,0,0
1776591315762,73660,Shared DB,0,OK,Thread Group 1-49,text,true,,17,0,872,872,null,0,0,0
1776591315824,73636,Shared DB,0,OK,Thread Group 1-61,text,true,,17,0,872,872,null,0,0,0
1776591319581,69700,Shared DB,0,OK,Thread Group 1-288,text,true,,17,0,872,872,null,0,0,0
1776591327286,61995,Shared DB,0,OK,Thread Group 1-439,text,true,,17,0,872,872,null,0,0,0
1776591315828,73632,Shared DB,0,OK,Thread Group 1-62,text,true,,17,0,871,871,null,0,0,0
1776591315873,73588,Shared DB,0,OK,Thread Group 1-71,text,true,,17,0,871,871,null,0,0,0
1776591315877,73585,Shared DB,0,OK,Thread Group 1-72,text,true,,17,0,863,863,null,0,0,0
1776591315912,73550,Shared DB,0,OK,Thread Group 1-79,text,true,,17,0,863,863,null,0,0,0
1776591315973,73489,Shared DB,0,OK,Thread Group 1-91,text,true,,17,0,863,863,null,0,0,0
1776591315802,73657,Shared DB,0,OK,Thread Group 1-57,text,true,,17,0,872,872,null,0,0,0
1776591315867,73595,Shared DB,0,OK,Thread Group 1-70,text,true,,17,0,863,863,null,0,0,0
1776591315917,73545,Shared DB,0,OK,Thread Group 1-80,text,true,,17,0,859,859,null,0,0,0
1776591315957,73465,Shared DB,0,OK,Thread Group 1-88,text,true,,17,0,871,871,null,0,0,0
1776591315933,73530,Shared DB,0,OK,Thread Group 1-83,text,true,,17,0,858,858,null,0,0,0
1776591315923,73539,Shared DB,0,OK,Thread Group 1-81,text,true,,17,0,863,863,null,0,0,0
1776591315938,73525,Shared DB,0,OK,Thread Group 1-84,text,true,,17,0,858,858,null,0,0,0
1776591315882,73581,Shared DB,0,OK,Thread Group 1-73,text,true,,17,0,858,858,null,0,0,0
1776591315857,73605,Shared DB,0,OK,Thread Group 1-68,text,true,,17,0,863,863,null,0,0,0
1776591315977,73485,Shared DB,0,OK,Thread Group 1-92,text,true,,17,0,855,855,null,0,0,0
1776591315998,73466,Shared DB,0,OK,Thread Group 1-96,text,true,,17,0,855,855,null,0,0,0
1776591316122,73344,Shared DB,0,OK,Thread Group 1-121,text,true,,17,0,855,855,null,0,0,0
1776591316107,73359,Shared DB,0,OK,Thread Group 1-118,text,true,,17,0,855,855,null,0,0,0
1776591316038,73428,Shared DB,0,OK,Thread Group 1-104,text,true,,17,0,855,855,null,0,0,0
1776591318695,70771,Shared DB,0,OK,Thread Group 1-268,text,true,,17,0,853,853,null,0,0,0
1776591316092,73373,Shared DB,0,OK,Thread Group 1-115,text,true,,17,0,853,853,null,0,0,0
1776591316254,73214,Shared DB,0,OK,Thread Group 1-147,text,true,,17,0,850,850,null,0,0,0
1776591316220,73248,Shared DB,0,OK,Thread Group 1-140,text,true,,17,0,850,850,null,0,0,0
1776591316068,73397,Shared DB,0,OK,Thread Group 1-110,text,true,,17,0,853,853,null,0,0,0
1776591316248,73220,Shared DB,0,OK,Thread Group 1-146,text,true,,17,0,841,841,null,0,0,0
1776591316440,73028,Shared DB,0,OK,Thread Group 1-180,text,true,,17,0,844,844,null,0,0,0
1776591316639,72829,Shared DB,0,OK,Thread Group 1-199,text,true,,17,0,844,844,null,0,0,0
1776591317682,71786,Shared DB,0,OK,Thread Group 1-237,text,true,,17,0,844,844,null,0,0,0
1776591316043,73422,Shared DB,0,OK,Thread Group 1-105,text,true,,17,0,837,837,null,0,0,0
1776591315963,73504,Shared DB,0,OK,Thread Group 1-89,text,true,,17,0,841,841,null,0,0,0
1776591318806,70661,Shared DB,0,OK,Thread Group 1-271,text,true,,17,0,841,841,null,0,0,0
1776591316367,73098,Shared DB,0,OK,Thread Group 1-168,text,true,,17,0,837,837,null,0,0,0
1776591318105,71364,Shared DB,0,OK,Thread Group 1-253,text,true,,17,0,837,837,null,0,0,0
1776591316233,73235,Shared DB,0,OK,Thread Group 1-143,text,true,,17,0,833,833,null,0,0,0
1776591317580,71887,Shared DB,0,OK,Thread Group 1-235,text,true,,17,0,832,832,null,0,0,0
1776591316149,73317,Shared DB,0,OK,Thread Group 1-126,text,true,,17,0,832,832,null,0,0,0
1776591316315,73153,Shared DB,0,OK,Thread Group 1-158,text,true,,17,0,832,832,null,0,0,0
1776591317290,71991,Shared DB,0,OK,Thread Group 1-224,text,true,,17,0,875,875,null,0,0,0
1776591315904,73558,Shared DB,0,OK,Thread Group 1-77,text,true,,17,0,829,829,null,0,0,0
1776591315898,73564,Shared DB,0,OK,Thread Group 1-76,text,true,,17,0,827,827,null,0,0,0
1776591315843,73619,Shared DB,0,OK,Thread Group 1-65,text,true,,17,0,829,829,null,0,0,0
1776591317559,71909,Shared DB,0,OK,Thread Group 1-234,text,true,,17,0,830,830,null,0,0,0
1776591322015,67451,Shared DB,0,OK,Thread Group 1-338,text,true,,17,0,823,823,null,0,0,0
1776591316214,73252,Shared DB,0,OK,Thread Group 1-139,text,true,,17,0,823,823,null,0,0,0
1776591316008,73457,Shared DB,0,OK,Thread Group 1-98,text,true,,17,0,823,823,null,0,0,0
1776591315797,73628,Shared DB,0,OK,Thread Group 1-56,text,true,,17,0,823,823,null,0,0,0
1776591316003,73463,Shared DB,0,OK,Thread Group 1-97,text,true,,17,0,823,823,null,0,0,0
1776591316097,73378,Shared DB,0,OK,Thread Group 1-116,text,true,,17,0,823,823,null,0,0,0
1776591315893,73568,Shared DB,0,OK,Thread Group 1-75,text,true,,17,0,823,823,null,0,0,0
1776591322590,66691,Shared DB,0,OK,Thread Group 1-353,text,true,,17,0,823,823,null,0,0,0
1776591315942,73521,Shared DB,0,OK,Thread Group 1-85,text,true,,17,0,820,820,null,0,0,0
1776591316153,73313,Shared DB,0,OK,Thread Group 1-127,text,true,,17,0,820,820,null,0,0,0
1776591316424,73040,Shared DB,0,OK,Thread Group 1-177,text,true,,17,0,815,815,null,0,0,0
1776591315807,73653,Shared DB,0,OK,Thread Group 1-58,text,true,,17,0,812,812,null,0,0,0
1776591316083,73382,Shared DB,0,OK,Thread Group 1-113,text,true,,17,0,812,812,null,0,0,0
1776591317457,72009,Shared DB,0,OK,Thread Group 1-230,text,true,,17,0,812,812,null,0,0,0
1776591316399,73070,Shared DB,0,OK,Thread Group 1-176,text,true,,17,0,809,809,null,0,0,0
1776591315948,73516,Shared DB,0,OK,Thread Group 1-86,text,true,,17,0,812,812,null,0,0,0
1776591315861,73601,Shared DB,0,OK,Thread Group 1-69,text,true,,17,0,809,809,null,0,0,0
1776591316057,73407,Shared DB,0,OK,Thread Group 1-108,text,true,,17,0,809,809,null,0,0,0
1776591316321,73148,Shared DB,0,OK,Thread Group 1-159,text,true,,17,0,809,809,null,0,0,0
1776591316143,73324,Shared DB,0,OK,Thread Group 1-125,text,true,,17,0,809,809,null,0,0,0
1776591316258,73210,Shared DB,0,OK,Thread Group 1-148,text,true,,17,0,803,803,null,0,0,0
1776591316618,72851,Shared DB,0,OK,Thread Group 1-198,text,true,,17,0,802,802,null,0,0,0
1776591315847,73616,Shared DB,0,OK,Thread Group 1-66,text,true,,17,0,801,801,null,0,0,0
1776591316293,73175,Shared DB,0,OK,Thread Group 1-154,text,true,,17,0,802,802,null,0,0,0
1776591315953,73511,Shared DB,0,OK,Thread Group 1-87,text,true,,17,0,802,802,null,0,0,0
1776591318077,71389,Shared DB,0,OK,Thread Group 1-252,text,true,,17,0,801,801,null,0,0,0
1776591317633,71835,Shared DB,0,OK,Thread Group 1-236,text,true,,17,0,798,798,null,0,0,0
1776591316363,73102,Shared DB,0,OK,Thread Group 1-167,text,true,,17,0,801,801,null,0,0,0
1776591316028,73437,Shared DB,0,OK,Thread Group 1-102,text,true,,17,0,795,795,null,0,0,0
1776591315853,73609,Shared DB,0,OK,Thread Group 1-67,text,true,,17,0,795,795,null,0,0,0
1776591319047,70234,Shared DB,0,OK,Thread Group 1-277,text,true,,17,0,795,795,null,0,0,0
1776591315887,73575,Shared DB,0,OK,Thread Group 1-74,text,true,,17,0,795,795,null,0,0,0
1776591316033,73431,Shared DB,0,OK,Thread Group 1-103,text,true,,17,0,792,792,null,0,0,0
1776591316078,73388,Shared DB,0,OK,Thread Group 1-112,text,true,,17,0,795,795,null,0,0,0
1776591316309,73158,Shared DB,0,OK,Thread Group 1-157,text,true,,17,0,792,792,null,0,0,0
1776591316118,73348,Shared DB,0,OK,Thread Group 1-120,text,true,,17,0,792,792,null,0,0,0
1776591316485,72982,Shared DB,0,OK,Thread Group 1-193,text,true,,17,0,792,792,null,0,0,0
1776591317940,71341,Shared DB,0,OK,Thread Group 1-246,text,true,,17,0,798,798,null,0,0,0
1776591315987,73477,Shared DB,0,OK,Thread Group 1-94,text,true,,17,0,792,792,null,0,0,0
1776591316381,73085,Shared DB,0,OK,Thread Group 1-170,text,true,,17,0,792,792,null,0,0,0
1776591316230,73238,Shared DB,0,OK,Thread Group 1-142,text,true,,17,0,795,795,null,0,0,0
1776591317834,71653,Shared DB,0,OK,Thread Group 1-242,text,true,,17,0,787,787,null,0,0,0
1776591317833,71654,Shared DB,0,OK,Thread Group 1-185,text,true,,17,0,787,787,null,0,0,0
1776591316204,73283,Shared DB,0,OK,Thread Group 1-137,text,true,,17,0,787,787,null,0,0,0
1776591316245,73242,Shared DB,0,OK,Thread Group 1-145,text,true,,17,0,787,787,null,0,0,0
1776591316447,73040,Shared DB,0,OK,Thread Group 1-181,text,true,,17,0,786,786,null,0,0,0
1776591316990,72498,Shared DB,0,OK,Thread Group 1-214,text,true,,17,0,786,786,null,0,0,0
1776591316305,73166,Shared DB,0,OK,Thread Group 1-156,text,true,,17,0,787,787,null,0,0,0
1776591318388,71099,Shared DB,0,OK,Thread Group 1-260,text,true,,17,0,787,787,null,0,0,0
1776591322898,66590,Shared DB,0,OK,Thread Group 1-360,text,true,,17,0,779,779,null,0,0,0
1776591316286,73202,Shared DB,0,OK,Thread Group 1-153,text,true,,17,0,786,786,null,0,0,0
1776591316159,73330,Shared DB,0,OK,Thread Group 1-128,text,true,,17,0,779,779,null,0,0,0
1776591315928,73534,Shared DB,0,OK,Thread Group 1-82,text,true,,17,0,779,779,null,0,0,0
1776591316114,73374,Shared DB,0,OK,Thread Group 1-119,text,true,,17,0,786,786,null,0,0,0
1776591316048,73442,Shared DB,0,OK,Thread Group 1-106,text,true,,17,0,769,769,null,0,0,0
1776591316088,73402,Shared DB,0,OK,Thread Group 1-114,text,true,,17,0,769,769,null,0,0,0
1776591316408,73079,Shared DB,0,OK,Thread Group 1-174,text,true,,17,0,787,787,null,0,0,0
1776591316224,73266,Shared DB,0,OK,Thread Group 1-141,text,true,,17,0,769,769,null,0,0,0
1776591316200,73288,Shared DB,0,OK,Thread Group 1-136,text,true,,17,0,786,786,null,0,0,0
1776591329862,59627,Shared DB,0,OK,Thread Group 1-484,text,true,,17,0,769,769,null,0,0,0
1776591316520,72969,Shared DB,0,OK,Thread Group 1-191,text,true,,17,0,769,769,null,0,0,0
1776591318007,71482,Shared DB,0,OK,Thread Group 1-249,text,true,,17,0,762,762,null,0,0,0
1776591318460,71029,Shared DB,0,OK,Thread Group 1-263,text,true,,17,0,762,762,null,0,0,0
1776591316139,73352,Shared DB,0,OK,Thread Group 1-124,text,true,,17,0,762,762,null,0,0,0
1776591316299,73169,Shared DB,0,OK,Thread Group 1-155,text,true,,17,0,764,764,null,0,0,0
1776591316481,73010,Shared DB,0,OK,Thread Group 1-186,text,true,,17,0,762,762,null,0,0,0
1776591316054,73436,Shared DB,0,OK,Thread Group 1-107,text,true,,17,0,758,758,null,0,0,0
1776591316591,72899,Shared DB,0,OK,Thread Group 1-197,text,true,,17,0,762,762,null,0,0,0
1776591316345,73146,Shared DB,0,OK,Thread Group 1-160,text,true,,17,0,762,762,null,0,0,0
1776591316273,73218,Shared DB,0,OK,Thread Group 1-151,text,true,,17,0,758,758,null,0,0,0
1776591315772,73650,Shared DB,0,OK,Thread Group 1-51,text,true,,17,0,758,758,null,0,0,0
1776591317477,72014,Shared DB,0,OK,Thread Group 1-231,text,true,,17,0,762,762,null,0,0,0
1776591316401,73089,Shared DB,0,OK,Thread Group 1-173,text,true,,17,0,767,767,null,0,0,0
1776591316335,73155,Shared DB,0,OK,Thread Group 1-162,text,true,,17,0,758,758,null,0,0,0
1776591316279,73212,Shared DB,0,OK,Thread Group 1-152,text,true,,17,0,758,758,null,0,0,0
1776591316238,73251,Shared DB,0,OK,Thread Group 1-144,text,true,,17,0,758,758,null,0,0,0
1776591316164,73326,Shared DB,0,OK,Thread Group 1-129,text,true,,17,0,756,756,null,0,0,0
1776591317344,72146,Shared DB,0,OK,Thread Group 1-226,text,true,,17,0,758,758,null,0,0,0
1776591317706,71785,Shared DB,0,OK,Thread Group 1-238,text,true,,17,0,754,754,null,0,0,0
1776591317104,72387,Shared DB,0,OK,Thread Group 1-217,text,true,,17,0,758,758,null,0,0,0
1776591315967,73523,Shared DB,0,OK,Thread Group 1-90,text,true,,17,0,758,758,null,0,0,0
1776591316269,73221,Shared DB,0,OK,Thread Group 1-150,text,true,,17,0,756,756,null,0,0,0
1776591317079,72413,Shared DB,0,OK,Thread Group 1-216,text,true,,17,0,756,756,null,0,0,0
1776591316395,73095,Shared DB,0,OK,Thread Group 1-172,text,true,,17,0,758,758,null,0,0,0
1776591316387,73101,Shared DB,0,OK,Thread Group 1-171,text,true,,17,0,758,758,null,0,0,0
1776591316179,73311,Shared DB,0,OK,Thread Group 1-132,text,true,,17,0,742,742,null,0,0,0
1776591319199,70292,Shared DB,0,OK,Thread Group 1-280,text,true,,17,0,755,755,null,0,0,0
1776591316185,73308,Shared DB,0,OK,Thread Group 1-133,text,true,,17,0,743,743,null,0,0,0
1776591316493,72994,Shared DB,0,OK,Thread Group 1-188,text,true,,17,0,789,789,null,0,0,0
1776591316264,73223,Shared DB,0,OK,Thread Group 1-149,text,true,,17,0,754,754,null,0,0,0
1776591317986,71506,Shared DB,0,OK,Thread Group 1-248,text,true,,17,0,735,735,null,0,0,0
1776591323780,65706,Shared DB,0,OK,Thread Group 1-377,text,true,,17,0,734,734,null,0,0,0
1776591316955,72532,Shared DB,0,OK,Thread Group 1-211,text,true,,17,0,734,734,null,0,0,0
1776591322953,67567,Shared DB,0,OK,Thread Group 1-361,text,true,,17,0,730,730,null,0,0,0
1776591326044,64811,Shared DB,0,OK,Thread Group 1-416,text,true,,17,0,729,729,null,0,0,0
1776591333315,57573,Shared DB,0,OK,Thread Group 1-540,text,true,,17,0,728,728,null,0,0,0
1776591331421,59565,Shared DB,0,OK,Thread Group 1-510,text,true,,17,0,727,727,null,0,0,0
1776591328757,62257,Shared DB,0,OK,Thread Group 1-465,text,true,,17,0,726,726,null,0,0,0
1776591317429,73784,Shared DB,0,OK,Thread Group 1-229,text,true,,17,0,725,725,null,0,0,0
1776591320075,71405,Shared DB,0,OK,Thread Group 1-297,text,true,,17,0,724,724,null,0,0,0
1776591328604,63072,Shared DB,0,OK,Thread Group 1-462,text,true,,17,0,723,723,null,0,0,0
1776591328449,63407,Shared DB,0,OK,Thread Group 1-460,text,true,,17,0,722,722,null,0,0,0
1776591316103,76023,Shared DB,0,OK,Thread Group 1-117,text,true,,17,0,721,721,null,0,0,0
1776591317807,74505,Shared DB,0,OK,Thread Group 1-241,text,true,,17,0,720,720,null,0,0,0
1776591325432,66922,Shared DB,0,OK,Thread Group 1-404,text,true,,17,0,719,719,null,0,0,0
1776591337143,55255,Shared DB,0,OK,Thread Group 1-609,text,true,,17,0,718,718,null,0,0,0
1776591330021,62467,Shared DB,0,OK,Thread Group 1-486,text,true,,17,0,717,717,null,0,0,0
1776591323169,69867,Shared DB,0,OK,Thread Group 1-364,text,true,,17,0,716,716,null,0,0,0
1776591316515,78358,Shared DB,0,OK,Thread Group 1-190,text,true,,17,0,715,715,null,0,0,0
1776591318606,76267,Shared DB,0,OK,Thread Group 1-266,text,true,,17,0,715,715,null,0,0,0
1776591318274,76599,Shared DB,0,OK,Thread Group 1-256,text,true,,17,0,715,715,null,0,0,0
1776591322406,72467,Shared DB,0,OK,Thread Group 1-349,text,true,,17,0,715,715,null,0,0,0
1776591325953,68920,Shared DB,0,OK,Thread Group 1-413,text,true,,17,0,715,715,null,0,0,0
1776591326413,68461,Shared DB,0,OK,Thread Group 1-422,text,true,,17,0,714,714,null,0,0,0
1776591331056,63818,Shared DB,0,OK,Thread Group 1-503,text,true,,17,0,714,714,null,0,0,0
1776591318982,75891,Shared DB,0,OK,Thread Group 1-276,text,true,,17,0,714,714,null,0,0,0
1776591336533,58339,Shared DB,0,OK,Thread Group 1-598,text,true,,17,0,716,716,null,0,0,0
1776591319768,75395,Shared DB,0,OK,Thread Group 1-291,text,true,,17,0,715,715,null,0,0,0
1776591321988,73200,Shared DB,0,OK,Thread Group 1-337,text,true,,17,0,714,714,null,0,0,0
1776591318563,76905,Shared DB,0,OK,Thread Group 1-265,text,true,,17,0,713,713,null,0,0,0
1776591329589,66298,Shared DB,0,OK,Thread Group 1-479,text,true,,17,0,712,712,null,0,0,0
1776591322165,74423,Shared DB,0,OK,Thread Group 1-342,text,true,,17,0,711,711,null,0,0,0
1776591316978,79697,Shared DB,0,OK,Thread Group 1-213,text,true,,17,0,710,710,null,0,0,0
1776591318780,78167,Shared DB,0,OK,Thread Group 1-270,text,true,,17,0,709,709,null,0,0,0
1776591320811,76308,Shared DB,0,OK,Thread Group 1-315,text,true,,17,0,708,708,null,0,0,0
1776591334937,62276,Shared DB,0,OK,Thread Group 1-568,text,true,,17,0,707,707,null,0,0,0
1776591320984,76233,Shared DB,0,OK,Thread Group 1-317,text,true,,17,0,706,706,null,0,0,0
1776591320651,77140,Shared DB,0,OK,Thread Group 1-312,text,true,,17,0,705,705,null,0,0,0
1776591323591,74215,Shared DB,0,OK,Thread Group 1-372,text,true,,17,0,704,704,null,0,0,0
1776591319224,78587,Shared DB,0,OK,Thread Group 1-282,text,true,,17,0,703,703,null,0,0,0
1776591320731,77283,Shared DB,0,OK,Thread Group 1-313,text,true,,17,0,702,702,null,0,0,0
1776591316487,81969,Shared DB,0,OK,Thread Group 1-187,text,true,,17,0,701,701,null,0,0,0
1776591332447,69738,Shared DB,0,OK,Thread Group 1-525,text,true,,17,0,700,700,null,0,0,0
1776591335628,67866,Shared DB,0,OK,Thread Group 1-578,text,true,,17,0,699,699,null,0,0,0
1776591333090,71095,Shared DB,0,OK,Thread Group 1-535,text,true,,17,0,698,698,null,0,0,0
1776591324951,79241,Shared DB,0,OK,Thread Group 1-395,text,true,,17,0,697,697,null,0,0,0
1776591319980,85163,Shared DB,0,OK,Thread Group 1-295,text,true,,17,0,696,696,null,0,0,0
1776591321848,83296,Shared DB,0,OK,Thread Group 1-334,text,true,,17,0,695,695,null,0,0,0
1776591326113,79110,Shared DB,0,OK,Thread Group 1-418,text,true,,17,0,694,694,null,0,0,0
1776591316344,89006,Shared DB,0,OK,Thread Group 1-164,text,true,,17,0,693,693,null,0,0,0
1776591324750,81067,Shared DB,0,OK,Thread Group 1-392,text,true,,17,0,692,692,null,0,0,0
1776591317271,88620,Shared DB,0,OK,Thread Group 1-223,text,true,,17,0,691,691,null,0,0,0
1776591333309,72679,Shared DB,0,OK,Thread Group 1-539,text,true,,17,0,690,690,null,0,0,0
1776591336415,69585,Shared DB,0,OK,Thread Group 1-595,text,true,,17,0,689,689,null,0,0,0
1776591317242,88785,Shared DB,0,OK,Thread Group 1-222,text,true,,17,0,688,688,null,0,0,0
1776591331303,74893,Shared DB,0,OK,Thread Group 1-508,text,true,,17,0,687,687,null,0,0,0
1776591331686,74798,Shared DB,0,OK,Thread Group 1-514,text,true,,17,0,686,686,null,0,0,0
1776591321044,85659,Shared DB,0,OK,Thread Group 1-318,text,true,,17,0,685,685,null,0,0,0
1776591331923,74815,Shared DB,0,OK,Thread Group 1-519,text,true,,17,0,684,684,null,0,0,0
1776591332692,74163,Shared DB,0,OK,Thread Group 1-529,text,true,,17,0,683,683,null,0,0,0
1776591331200,75726,Shared DB,0,OK,Thread Group 1-506,text,true,,17,0,682,682,null,0,0,0
1776591335352,71659,Shared DB,0,OK,Thread Group 1-574,text,true,,17,0,681,681,null,0,0,0
1776591316648,90464,Shared DB,0,OK,Thread Group 1-200,text,true,,17,0,680,680,null,0,0,0
1776591319636,87496,Shared DB,0,OK,Thread Group 1-289,text,true,,17,0,679,679,null,0,0,0
1776591323817,83410,Shared DB,0,OK,Thread Group 1-378,text,true,,17,0,678,678,null,0,0,0
1776591341033,66259,Shared DB,0,OK,Thread Group 1-670,text,true,,17,0,677,677,null,0,0,0
1776591338681,68611,Shared DB,0,OK,Thread Group 1-634,text,true,,17,0,677,677,null,0,0,0
1776591321152,86171,Shared DB,0,OK,Thread Group 1-321,text,true,,17,0,675,675,null,0,0,0
1776591322741,84708,Shared DB,0,OK,Thread Group 1-356,text,true,,17,0,674,674,null,0,0,0
1776591338407,69071,Shared DB,0,OK,Thread Group 1-630,text,true,,17,0,673,673,null,0,0,0
1776591331753,75761,Shared DB,0,OK,Thread Group 1-515,text,true,,17,0,672,672,null,0,0,0
1776591337447,70197,Shared DB,0,OK,Thread Group 1-612,text,true,,17,0,671,671,null,0,0,0
1776591333896,73768,Shared DB,0,OK,Thread Group 1-550,text,true,,17,0,670,670,null,0,0,0
1776591333168,74497,Shared DB,0,OK,Thread Group 1-536,text,true,,17,0,670,670,null,0,0,0
1776591334136,73584,Shared DB,0,OK,Thread Group 1-553,text,true,,17,0,668,668,null,0,0,0
1776591327759,79983,Shared DB,0,OK,Thread Group 1-450,text,true,,17,0,667,667,null,0,0,0
1776591329708,78097,Shared DB,0,OK,Thread Group 1-481,text,true,,17,0,666,666,null,0,0,0
1776591322444,85468,Shared DB,0,OK,Thread Group 1-351,text,true,,17,0,665,665,null,0,0,0
1776591326222,81702,Shared DB,0,OK,Thread Group 1-420,text,true,,17,0,665,665,null,0,0,0
1776591338233,69735,Shared DB,0,OK,Thread Group 1-626,text,true,,17,0,663,663,null,0,0,0
1776591317313,90710,Shared DB,0,OK,Thread Group 1-225,text,true,,17,0,662,662,null,0,0,0
1776591316329,91728,Shared DB,0,OK,Thread Group 1-161,text,true,,17,0,661,661,null,0,0,0
1776591320338,87755,Shared DB,0,OK,Thread Group 1-304,text,true,,17,0,660,660,null,0,0,0
1776591336198,71996,Shared DB,0,OK,Thread Group 1-590,text,true,,17,0,659,659,null,0,0,0
1776591317868,90332,Shared DB,0,OK,Thread Group 1-243,text,true,,17,0,658,658,null,0,0,0
1776591324420,83972,Shared DB,0,OK,Thread Group 1-385,text,true,,17,0,657,657,null,0,0,0
1776591327649,80770,Shared DB,0,OK,Thread Group 1-447,text,true,,17,0,656,656,null,0,0,0
1776591338188,70241,Shared DB,0,OK,Thread Group 1-625,text,true,,17,0,656,656,null,0,0,0
1776591344503,63992,Shared DB,0,OK,Thread Group 1-731,text,true,,17,0,654,654,null,0,0,0
1776591328910,79645,Shared DB,0,OK,Thread Group 1-467,text,true,,17,0,653,653,null,0,0,0
1776591333469,75090,Shared DB,0,OK,Thread Group 1-543,text,true,,17,0,652,652,null,0,0,0
1776591327029,81536,Shared DB,0,OK,Thread Group 1-434,text,true,,17,0,651,651,null,0,0,0
1776591323596,85016,Shared DB,0,OK,Thread Group 1-373,text,true,,17,0,650,650,null,0,0,0
1776591334880,73734,Shared DB,0,OK,Thread Group 1-567,text,true,,17,0,649,649,null,0,0,0
1776591335110,73544,Shared DB,0,OK,Thread Group 1-570,text,true,,17,0,648,648,null,0,0,0
1776591329382,79292,Shared DB,0,OK,Thread Group 1-475,text,true,,17,0,647,647,null,0,0,0
1776591319204,89638,Shared DB,0,OK,Thread Group 1-281,text,true,,17,0,646,646,null,0,0,0
1776591326891,82012,Shared DB,0,OK,Thread Group 1-432,text,true,,17,0,645,645,null,0,0,0
1776591337492,71412,Shared DB,0,OK,Thread Group 1-613,text,true,,17,0,645,645,null,0,0,0
1776591331014,77901,Shared DB,0,OK,Thread Group 1-500,text,true,,17,0,645,645,null,0,0,0
1776591329306,79633,Shared DB,0,OK,Thread Group 1-474,text,true,,17,0,642,642,null,0,0,0
1776591333568,75376,Shared DB,0,OK,Thread Group 1-545,text,true,,17,0,641,641,null,0,0,0
1776591334385,74564,Shared DB,0,OK,Thread Group 1-558,text,true,,17,0,640,640,null,0,0,0
1776591321586,87389,Shared DB,0,OK,Thread Group 1-329,text,true,,17,0,639,639,null,0,0,0
1776591332292,76690,Shared DB,0,OK,Thread Group 1-523,text,true,,17,0,638,638,null,0,0,0
1776591338178,70811,Shared DB,0,OK,Thread Group 1-623,text,true,,17,0,637,637,null,0,0,0
1776591334349,74641,Shared DB,0,OK,Thread Group 1-557,text,true,,17,0,636,636,null,0,0,0
1776591322833,86226,Shared DB,0,OK,Thread Group 1-359,text,true,,17,0,635,635,null,0,0,0
1776591339713,69384,Shared DB,0,OK,Thread Group 1-651,text,true,,17,0,634,634,null,0,0,0
1776591329945,79193,Shared DB,0,OK,Thread Group 1-485,text,true,,17,0,633,633,null,0,0,0
1776591323379,85789,Shared DB,0,OK,Thread Group 1-367,text,true,,17,0,632,632,null,0,0,0
1776591316527,92723,Shared DB,0,OK,Thread Group 1-192,text,true,,17,0,631,631,null,0,0,0
1776591336462,72823,Shared DB,0,OK,Thread Group 1-597,text,true,,17,0,630,630,null,0,0,0
1776591345011,64278,Shared DB,0,OK,Thread Group 1-737,text,true,,17,0,629,629,null,0,0,0
1776591343593,65707,Shared DB,0,OK,Thread Group 1-718,text,true,,17,0,628,628,null,0,0,0
1776591325564,83771,Shared DB,0,OK,Thread Group 1-406,text,true,,17,0,627,627,null,0,0,0
1776591330720,78670,Shared DB,0,OK,Thread Group 1-496,text,true,,17,0,626,626,null,0,0,0
1776591326740,82695,Shared DB,0,OK,Thread Group 1-429,text,true,,17,0,625,625,null,0,0,0
1776591324971,84551,Shared DB,0,OK,Thread Group 1-396,text,true,,17,0,624,624,null,0,0,0
1776591320138,89418,Shared DB,0,OK,Thread Group 1-299,text,true,,17,0,623,623,null,0,0,0
1776591331046,78576,Shared DB,0,OK,Thread Group 1-201,text,true,,17,0,622,622,null,0,0,0
1776591330612,79012,Shared DB,0,OK,Thread Group 1-495,text,true,,17,0,621,621,null,0,0,0
1776591318350,91331,Shared DB,0,OK,Thread Group 1-258,text,true,,17,0,620,620,null,0,0,0
1776591320868,88988,Shared DB,0,OK,Thread Group 1-316,text,true,,17,0,619,619,null,0,0,0
1776591339825,70032,Shared DB,0,OK,Thread Group 1-652,text,true,,17,0,618,618,null,0,0,0
1776591341378,68525,Shared DB,0,OK,Thread Group 1-675,text,true,,17,0,617,617,null,0,0,0
1776591334598,75373,Shared DB,0,OK,Thread Group 1-561,text,true,,17,0,616,616,null,0,0,0
1776591324705,85386,Shared DB,0,OK,Thread Group 1-390,text,true,,17,0,615,615,null,0,0,0
1776591316460,93635,Shared DB,0,OK,Thread Group 1-183,text,true,,17,0,614,614,null,0,0,0
1776591334458,75719,Shared DB,0,OK,Thread Group 1-559,text,true,,17,0,613,613,null,0,0,0
1776591325349,84835,Shared DB,0,OK,Thread Group 1-403,text,true,,17,0,612,612,null,0,0,0
1776591334212,76055,Shared DB,0,OK,Thread Group 1-554,text,true,,17,0,611,611,null,0,0,0
1776591326574,83697,Shared DB,0,OK,Thread Group 1-426,text,true,,17,0,610,610,null,0,0,0
1776591336748,73559,Shared DB,0,OK,Thread Group 1-602,text,true,,17,0,609,609,null,0,0,0
1776591317173,93169,Shared DB,0,OK,Thread Group 1-220,text,true,,17,0,608,608,null,0,0,0
1776591333803,76585,Shared DB,0,OK,Thread Group 1-549,text,true,,17,0,607,607,null,0,0,0
1776591324621,85857,Shared DB,0,OK,Thread Group 1-388,text,true,,17,0,606,606,null,0,0,0
1776591318837,91655,Shared DB,0,OK,Thread Group 1-272,text,true,,17,0,605,605,null,0,0,0
1776591324700,85882,Shared DB,0,OK,Thread Group 1-389,text,true,,17,0,604,604,null,0,0,0
1776591321104,89507,Shared DB,0,OK,Thread Group 1-319,text,true,,17,0,603,603,null,0,0,0
1776591315748,94888,Shared DB,0,OK,Thread Group 1-46,text,true,,17,0,602,602,null,0,0,0
1776591321878,88819,Shared DB,0,OK,Thread Group 1-335,text,true,,17,0,601,601,null,0,0,0
1776591342746,68091,Shared DB,0,OK,Thread Group 1-700,text,true,,17,0,600,600,null,0,0,0
1776591337318,73550,Shared DB,0,OK,Thread Group 1-611,text,true,,17,0,599,599,null,0,0,0
1776591326663,84215,Shared DB,0,OK,Thread Group 1-428,text,true,,17,0,598,598,null,0,0,0
1776591326070,84824,Shared DB,0,OK,Thread Group 1-417,text,true,,17,0,597,597,null,0,0,0
1776591321688,89305,Shared DB,0,OK,Thread Group 1-331,text,true,,17,0,596,596,null,0,0,0
1776591319408,91587,Shared DB,0,OK,Thread Group 1-285,text,true,,17,0,595,595,null,0,0,0
1776591316073,95006,Shared DB,0,OK,Thread Group 1-111,text,true,,17,0,594,594,null,0,0,0
1776591336341,74810,Shared DB,0,OK,Thread Group 1-593,text,true,,17,0,593,593,null,0,0,0
1776591327467,83695,Shared DB,0,OK,Thread Group 1-444,text,true,,17,0,592,592,null,0,0,0
1776591328311,83023,Shared DB,0,OK,Thread Group 1-458,text,true,,17,0,591,591,null,0,0,0
1776591329262,82129,Shared DB,0,OK,Thread Group 1-473,text,true,,17,0,590,590,null,0,0,0
1776591316569,94929,Shared DB,0,OK,Thread Group 1-195,text,true,,17,0,589,589,null,0,0,0
1776591320281,91278,Shared DB,0,OK,Thread Group 1-303,text,true,,17,0,588,588,null,0,0,0
1776591316506,95054,Shared DB,0,OK,Thread Group 1-189,text,true,,17,0,588,588,null,0,0,0
1776591317924,93759,Shared DB,0,OK,Thread Group 1-245,text,true,,17,0,586,586,null,0,0,0
1776591338120,73593,Shared DB,0,OK,Thread Group 1-622,text,true,,17,0,585,585,null,0,0,0
1776591320525,91190,Shared DB,0,OK,Thread Group 1-308,text,true,,17,0,584,584,null,0,0,0
1776591340672,71147,Shared DB,0,OK,Thread Group 1-664,text,true,,17,0,583,583,null,0,0,0
1776591317155,94790,Shared DB,0,OK,Thread Group 1-219,text,true,,17,0,582,582,null,0,0,0
1776591318394,93583,Shared DB,0,OK,Thread Group 1-261,text,true,,17,0,581,581,null,0,0,0
1776591334536,77469,Shared DB,0,OK,Thread Group 1-560,text,true,,17,0,580,580,null,0,0,0
1776591326771,85304,Shared DB,0,OK,Thread Group 1-430,text,true,,17,0,579,579,null,0,0,0
1776591329411,82679,Shared DB,0,OK,Thread Group 1-477,text,true,,17,0,578,578,null,0,0,0
1776591324782,87319,Shared DB,0,OK,Thread Group 1-393,text,true,,17,0,577,577,null,0,0,0
1776591331364,80765,Shared DB,0,OK,Thread Group 1-509,text,true,,17,0,576,576,null,0,0,0
1776591318052,94112,Shared DB,0,OK,Thread Group 1-251,text,true,,17,0,575,575,null,0,0,0
1776591325162,87004,Shared DB,0,OK,Thread Group 1-399,text,true,,17,0,574,574,null,0,0,0
1776591316349,95856,Shared DB,0,OK,Thread Group 1-165,text,true,,17,0,573,573,null,0,0,0
1776591318775,93453,Shared DB,0,OK,Thread Group 1-269,text,true,,17,0,572,572,null,0,0,0
1776591328012,84222,Shared DB,0,OK,Thread Group 1-454,text,true,,17,0,571,571,null,0,0,0
1776591317761,94564,Shared DB,0,OK,Thread Group 1-240,text,true,,17,0,570,570,null,0,0,0
1776591319932,92444,Shared DB,0,OK,Thread Group 1-294,text,true,,17,0,569,569,null,0,0,0
1776591321129,91312,Shared DB,0,OK,Thread Group 1-320,text,true,,17,0,568,568,null,0,0,0
1776591338954,73525,Shared DB,0,OK,Thread Group 1-639,text,true,,17,0,567,567,null,0,0,0
1776591318023,94611,Shared DB,0,OK,Thread Group 1-250,text,true,,17,0,566,566,null,0,0,0
1776591334731,77931,Shared DB,0,OK,Thread Group 1-564,text,true,,17,0,565,565,null,0,0,0
1776591316194,96562,Shared DB,0,OK,Thread Group 1-135,text,true,,17,0,564,564,null,0,0,0
1776591320744,92194,Shared DB,0,OK,Thread Group 1-314,text,true,,17,0,563,563,null,0,0,0
1776591327154,85895,Shared DB,0,OK,Thread Group 1-436,text,true,,17,0,562,562,null,0,0,0
1776591325718,87504,Shared DB,0,OK,Thread Group 1-409,text,true,,17,0,561,561,null,0,0,0
1776591317424,95828,Shared DB,0,OK,Thread Group 1-228,text,true,,17,0,560,560,null,0,0,0
1776591320253,93037,Shared DB,0,OK,Thread Group 1-302,text,true,,17,0,559,559,null,0,0,0
1776591318935,94356,Shared DB,0,OK,Thread Group 1-275,text,true,,17,0,559,559,null,0,0,0
1776591324743,88578,Shared DB,0,OK,Thread Group 1-391,text,true,,17,0,557,557,null,0,0,0
1776591333981,79366,Shared DB,0,OK,Thread Group 1-551,text,true,,17,0,556,556,null,0,0,0
1776591320588,92825,Shared DB,0,OK,Thread Group 1-310,text,true,,17,0,555,555,null,0,0,0
1776591340387,73057,Shared DB,0,OK,Thread Group 1-661,text,true,,17,0,554,554,null,0,0,0
1776591318649,94808,Shared DB,0,OK,Thread Group 1-267,text,true,,17,0,553,553,null,0,0,0
1776591322161,91311,Shared DB,0,OK,Thread Group 1-341,text,true,,17,0,552,552,null,0,0,0
1776591331232,82267,Shared DB,0,OK,Thread Group 1-507,text,true,,17,0,551,551,null,0,0,0
1776591325845,87675,Shared DB,0,OK,Thread Group 1-411,text,true,,17,0,550,550,null,0,0,0
1776591317132,96434,Shared DB,0,OK,Thread Group 1-218,text,true,,17,0,549,549,null,0,0,0
1776591329773,83823,Shared DB,0,OK,Thread Group 1-483,text,true,,17,0,548,548,null,0,0,0
1776591323458,90166,Shared DB,0,OK,Thread Group 1-368,text,true,,17,0,547,547,null,0,0,0
1776591318228,95404,Shared DB,0,OK,Thread Group 1-255,text,true,,17,0,546,546,null,0,0,0
1776591317899,95775,Shared DB,0,OK,Thread Group 1-244,text,true,,17,0,545,545,null,0,0,0
1776591327224,86496,Shared DB,0,OK,Thread Group 1-438,text,true,,17,0,544,544,null,0,0,0
1776591325032,88706,Shared DB,0,OK,Thread Group 1-397,text,true,,17,0,543,543,null,0,0,0
1776591338266,75483,Shared DB,0,OK,Thread Group 1-627,text,true,,17,0,542,542,null,0,0,0
1776591322659,91094,Shared DB,0,OK,Thread Group 1-354,text,true,,17,0,541,541,null,0,0,0
1776591338312,75466,Shared DB,0,OK,Thread Group 1-628,text,true,,17,0,540,540,null,0,0,0
1776591321465,92326,Shared DB,0,OK,Thread Group 1-326,text,true,,17,0,539,539,null,0,0,0
1776591333436,80355,Shared DB,0,OK,Thread Group 1-542,text,true,,17,0,538,538,null,0,0,0
1776591319156,94654,Shared DB,0,OK,Thread Group 1-279,text,true,,17,0,537,537,null,0,0,0
1776591317517,96305,Shared DB,0,OK,Thread Group 1-232,text,true,,17,0,536,536,null,0,0,0
1776591335444,78379,Shared DB,0,OK,Thread Group 1-575,text,true,,17,0,535,535,null,0,0,0
1776591339200,74647,Shared DB,0,OK,Thread Group 1-642,text,true,,17,0,534,534,null,0,0,0
1776591329735,84127,Shared DB,0,OK,Thread Group 1-482,text,true,,17,0,533,533,null,0,0,0
1776591319273,94594,Shared DB,0,OK,Thread Group 1-283,text,true,,17,0,532,532,null,0,0,0
1776591323060,90960,Shared DB,0,OK,Thread Group 1-363,text,true,,17,0,531,531,null,0,0,0
1776591334011,80008,Shared DB,0,OK,Thread Group 1-552,text,true,,17,0,531,531,null,0,0,0
1776591339771,74253,Shared DB,0,OK,Thread Group 1-650,text,true,,17,0,529,529,null,0,0,0
1776591320178,93862,Shared DB,0,OK,Thread Group 1-300,text,true,,17,0,528,528,null,0,0,0
1776591337576,76478,Shared DB,0,OK,Thread Group 1-615,text,true,,17,0,527,527,null,0,0,0
1776591334290,79815,Shared DB,0,OK,Thread Group 1-556,text,true,,17,0,526,526,null,0,0,0
1776591328836,85273,Shared DB,0,OK,Thread Group 1-466,text,true,,17,0,525,525,null,0,0,0
1776591327318,86819,Shared DB,0,OK,Thread Group 1-440,text,true,,17,0,524,524,null,0,0,0
1776591332122,82033,Shared DB,0,OK,Thread Group 1-521,text,true,,17,0,523,523,null,0,0,0
1776591332377,81816,Shared DB,0,OK,Thread Group 1-524,text,true,,17,0,522,522,null,0,0,0
1776591320008,94241,Shared DB,0,OK,Thread Group 1-296,text,true,,17,0,521,521,null,0,0,0
1776591319878,94765,Shared DB,0,OK,Thread Group 1-293,text,true,,17,0,520,520,null,0,0,0
1776591331867,83321,Shared DB,0,OK,Thread Group 1-516,text,true,,17,0,519,519,null,0,0,0
1776591339609,76146,Shared DB,0,OK,Thread Group 1-647,text,true,,17,0,518,518,null,0,0,0
1776591337692,78066,Shared DB,0,OK,Thread Group 1-616,text,true,,17,0,517,517,null,0,0,0
1776591318159,97601,Shared DB,0,OK,Thread Group 1-526,text,true,,17,0,517,517,null,0,0,0
1776591338554,77207,Shared DB,0,OK,Thread Group 1-632,text,true,,17,0,515,515,null,0,0,0
1776591322054,93712,Shared DB,0,OK,Thread Group 1-339,text,true,,17,0,514,514,null,0,0,0
1776591335927,79844,Shared DB,0,OK,Thread Group 1-583,text,true,,17,0,513,513,null,0,0,0
1776591326435,89519,Shared DB,0,OK,Thread Group 1-423,text,true,,17,0,512,512,null,0,0,0
1776591339312,76770,Shared DB,0,OK,Thread Group 1-644,text,true,,17,0,511,511,null,0,0,0
1776591340235,75849,Shared DB,0,OK,Thread Group 1-659,text,true,,17,0,510,510,null,0,0,0
1776591341804,74281,Shared DB,0,OK,Thread Group 1-684,text,true,,17,0,509,509,null,0,0,0
1776591334657,81433,Shared DB,0,OK,Thread Group 1-562,text,true,,17,0,508,508,null,0,0,0
1776591339009,77082,Shared DB,0,OK,Thread Group 1-640,text,true,,17,0,508,508,null,0,0,0
1776591342620,73483,Shared DB,0,OK,Thread Group 1-698,text,true,,17,0,506,506,null,0,0,0
1776591335216,80889,Shared DB,0,OK,Thread Group 1-572,text,true,,17,0,505,505,null,0,0,0
1776591336236,79875,Shared DB,0,OK,Thread Group 1-591,text,true,,17,0,504,504,null,0,0,0
1776591323228,93432,Shared DB,0,OK,Thread Group 1-365,text,true,,17,0,503,503,null,0,0,0
1776591341337,75322,Shared DB,0,OK,Thread Group 1-674,text,true,,17,0,503,503,null,0,0,0
1776591335755,80907,Shared DB,0,OK,Thread Group 1-580,text,true,,17,0,501,501,null,0,0,0
1776591338725,77939,Shared DB,0,OK,Thread Group 1-635,text,true,,17,0,500,500,null,0,0,0
1776591339666,77002,Shared DB,0,OK,Thread Group 1-648,text,true,,17,0,499,499,null,0,0,0
1776591316436,100240,Shared DB,0,OK,Thread Group 1-179,text,true,,17,0,498,498,null,0,0,0
1776591333639,83037,Shared DB,0,OK,Thread Group 1-546,text,true,,17,0,498,498,null,0,0,0
1776591317023,99655,Shared DB,0,OK,Thread Group 1-215,text,true,,17,0,496,496,null,0,0,0
1776591346469,70426,Shared DB,0,OK,Thread Group 1-757,text,true,,17,0,495,495,null,0,0,0
1776591337098,79797,Shared DB,0,OK,Thread Group 1-608,text,true,,17,0,495,495,null,0,0,0
1776591316578,100502,Shared DB,0,OK,Thread Group 1-196,text,true,,17,0,493,493,null,0,0,0
1776591343718,73364,Shared DB,0,OK,Thread Group 1-720,text,true,,17,0,492,492,null,0,0,0
1776591341872,75243,Shared DB,0,OK,Thread Group 1-685,text,true,,17,0,491,491,null,0,0,0
1776591334832,82283,Shared DB,0,OK,Thread Group 1-566,text,true,,17,0,491,491,null,0,0,0
1776591342752,74511,Shared DB,0,OK,Thread Group 1-701,text,true,,17,0,489,489,null,0,0,0
1776591347980,69284,Shared DB,0,OK,Thread Group 1-782,text,true,,17,0,488,488,null,0,0,0
1776591345509,71756,Shared DB,0,OK,Thread Group 1-744,text,true,,17,0,488,488,null,0,0,0
1776591332649,84661,Shared DB,0,OK,Thread Group 1-528,text,true,,17,0,486,486,null,0,0,0
1776591336387,81018,Shared DB,0,OK,Thread Group 1-594,text,true,,17,0,485,485,null,0,0,0
1776591338906,78624,Shared DB,0,OK,Thread Group 1-638,text,true,,17,0,484,484,null,0,0,0
1776591327205,90368,Shared DB,0,OK,Thread Group 1-437,text,true,,17,0,483,483,null,0,0,0
1776591336649,80992,Shared DB,0,OK,Thread Group 1-600,text,true,,17,0,482,482,null,0,0,0
1776591332879,84880,Shared DB,0,OK,Thread Group 1-532,text,true,,17,0,481,481,null,0,0,0
1776591331500,86260,Shared DB,0,OK,Thread Group 1-511,text,true,,17,0,481,481,null,0,0,0
1776591343903,73859,Shared DB,0,OK,Thread Group 1-723,text,true,,17,0,479,479,null,0,0,0
1776591336582,81237,Shared DB,0,OK,Thread Group 1-599,text,true,,17,0,478,478,null,0,0,0
1776591343752,74071,Shared DB,0,OK,Thread Group 1-721,text,true,,17,0,477,477,null,0,0,0
1776591319087,98809,Shared DB,0,OK,Thread Group 1-278,text,true,,17,0,476,476,null,0,0,0
1776591346544,71352,Shared DB,0,OK,Thread Group 1-758,text,true,,17,0,476,476,null,0,0,0
1776591341584,76336,Shared DB,0,OK,Thread Group 1-679,text,true,,17,0,474,474,null,0,0,0
1776591331918,86045,Shared DB,0,OK,Thread Group 1-518,text,true,,17,0,473,473,null,0,0,0
1776591319346,98633,Shared DB,0,OK,Thread Group 1-284,text,true,,17,0,472,472,null,0,0,0
1776591347169,70820,Shared DB,0,OK,Thread Group 1-769,text,true,,17,0,471,471,null,0,0,0
1776591321216,96775,Shared DB,0,OK,Thread Group 1-322,text,true,,17,0,470,470,null,0,0,0
1776591322285,95765,Shared DB,0,OK,Thread Group 1-345,text,true,,17,0,469,469,null,0,0,0
1776591336117,81952,Shared DB,0,OK,Thread Group 1-587,text,true,,17,0,468,468,null,0,0,0
1776591334688,83414,Shared DB,0,OK,Thread Group 1-563,text,true,,17,0,467,467,null,0,0,0
1776591337049,81110,Shared DB,0,OK,Thread Group 1-607,text,true,,17,0,466,466,null,0,0,0
1776591327569,90602,Shared DB,0,OK,Thread Group 1-446,text,true,,17,0,465,465,null,0,0,0
1776591337537,80709,Shared DB,0,OK,Thread Group 1-614,text,true,,17,0,464,464,null,0,0,0
1776591326952,91306,Shared DB,0,OK,Thread Group 1-433,text,true,,17,0,463,463,null,0,0,0
1776591333726,84677,Shared DB,0,OK,Thread Group 1-548,text,true,,17,0,462,462,null,0,0,0
1776591335298,83135,Shared DB,0,OK,Thread Group 1-573,text,true,,17,0,461,461,null,0,0,0
1776591338354,80105,Shared DB,0,OK,Thread Group 1-629,text,true,,17,0,460,460,null,0,0,0
1776591340676,77786,Shared DB,0,OK,Thread Group 1-665,text,true,,17,0,459,459,null,0,0,0
1776591346017,72449,Shared DB,0,OK,Thread Group 1-751,text,true,,17,0,458,458,null,0,0,0
1776591344341,74135,Shared DB,0,OK,Thread Group 1-728,text,true,,17,0,457,457,null,0,0,0
1776591336156,82409,Shared DB,0,OK,Thread Group 1-588,text,true,,17,0,456,456,null,0,0,0
1776591328115,90453,Shared DB,0,OK,Thread Group 1-455,text,true,,17,0,455,455,null,0,0,0
1776591338003,80575,Shared DB,0,OK,Thread Group 1-621,text,true,,17,0,454,454,null,0,0,0
1776591348720,69871,Shared DB,0,OK,Thread Group 1-790,text,true,,17,0,453,453,null,0,0,0
1776591333254,85362,Shared DB,0,OK,Thread Group 1-538,text,true,,17,0,452,452,null,0,0,0
1776591325510,93149,Shared DB,0,OK,Thread Group 1-405,text,true,,17,0,451,451,null,0,0,0
1776591341753,77007,Shared DB,0,OK,Thread Group 1-683,text,true,,17,0,450,450,null,0,0,0
1776591336725,82059,Shared DB,0,OK,Thread Group 1-601,text,true,,17,0,449,449,null,0,0,0
1776591342133,76696,Shared DB,0,OK,Thread Group 1-689,text,true,,17,0,448,448,null,0,0,0
1776591347484,71355,Shared DB,0,OK,Thread Group 1-773,text,true,,17,0,447,447,null,0,0,0
1776591321277,97613,Shared DB,0,OK,Thread Group 1-323,text,true,,17,0,446,446,null,0,0,0
1776591343190,75718,Shared DB,0,OK,Thread Group 1-710,text,true,,17,0,445,445,null,0,0,0
1776591325996,92928,Shared DB,0,OK,Thread Group 1-415,text,true,,17,0,444,444,null,0,0,0
1776591337876,81079,Shared DB,0,OK,Thread Group 1-619,text,true,,17,0,443,443,null,0,0,0
1776591326815,92157,Shared DB,0,OK,Thread Group 1-431,text,true,,17,0,442,442,null,0,0,0
1776591336290,82697,Shared DB,0,OK,Thread Group 1-592,text,true,,17,0,441,441,null,0,0,0
1776591321399,97622,Shared DB,0,OK,Thread Group 1-325,text,true,,17,0,440,440,null,0,0,0
1776591327962,91069,Shared DB,0,OK,Thread Group 1-453,text,true,,17,0,439,439,null,0,0,0
1776591324277,94769,Shared DB,0,OK,Thread Group 1-383,text,true,,17,0,438,438,null,0,0,0
1776591343328,75719,Shared DB,0,OK,Thread Group 1-712,text,true,,17,0,438,438,null,0,0,0
1776591332751,86332,Shared DB,0,OK,Thread Group 1-531,text,true,,17,0,436,436,null,0,0,0
1776591326478,92661,Shared DB,0,OK,Thread Group 1-424,text,true,,17,0,435,435,null,0,0,0
1776591351372,67830,Shared DB,0,OK,Thread Group 1-816,text,true,,17,0,434,434,null,0,0,0
1776591344122,75130,Shared DB,0,OK,Thread Group 1-725,text,true,,17,0,433,433,null,0,0,0
1776591345637,73629,Shared DB,0,OK,Thread Group 1-746,text,true,,17,0,432,432,null,0,0,0
1776591332987,86302,Shared DB,0,OK,Thread Group 1-533,text,true,,17,0,431,431,null,0,0,0
1776591328379,90915,Shared DB,0,OK,Thread Group 1-459,text,true,,17,0,430,430,null,0,0,0
1776591346752,72596,Shared DB,0,OK,Thread Group 1-763,text,true,,17,0,429,429,null,0,0,0
1776591345056,74322,Shared DB,0,OK,Thread Group 1-739,text,true,,17,0,428,428,null,0,0,0
1776591348411,70995,Shared DB,0,OK,Thread Group 1-786,text,true,,17,0,427,427,null,0,0,0
1776591327347,92065,Shared DB,0,OK,Thread Group 1-441,text,true,,17,0,426,426,null,0,0,0
1776591345928,73538,Shared DB,0,OK,Thread Group 1-750,text,true,,17,0,425,425,null,0,0,0
1776591329387,90081,Shared DB,0,OK,Thread Group 1-476,text,true,,17,0,424,424,null,0,0,0
1776591341489,77999,Shared DB,0,OK,Thread Group 1-677,text,true,,17,0,423,423,null,0,0,0
1776591328970,90532,Shared DB,0,OK,Thread Group 1-468,text,true,,17,0,422,422,null,0,0,0
1776591349628,69880,Shared DB,0,OK,Thread Group 1-799,text,true,,17,0,421,421,null,0,0,0
1776591347032,72497,Shared DB,0,OK,Thread Group 1-767,text,true,,17,0,420,420,null,0,0,0
1776591328627,90946,Shared DB,0,OK,Thread Group 1-463,text,true,,17,0,419,419,null,0,0,0
1776591328239,91343,Shared DB,0,OK,Thread Group 1-457,text,true,,17,0,418,418,null,0,0,0
1776591330078,89539,Shared DB,0,OK,Thread Group 1-487,text,true,,17,0,417,417,null,0,0,0
1776591321766,97884,Shared DB,0,OK,Thread Group 1-333,text,true,,17,0,416,416,null,0,0,0
1776591327789,91875,Shared DB,0,OK,Thread Group 1-451,text,true,,17,0,415,415,null,0,0,0
1776591345322,74357,Shared DB,0,OK,Thread Group 1-742,text,true,,17,0,414,414,null,0,0,0
1776591345128,74574,Shared DB,0,OK,Thread Group 1-740,text,true,,17,0,413,413,null,0,0,0
1776591345195,74542,Shared DB,0,OK,Thread Group 1-741,text,true,,17,0,412,412,null,0,0,0
1776591346934,72804,Shared DB,0,OK,Thread Group 1-765,text,true,,17,0,411,411,null,0,0,0
1776591342186,77554,Shared DB,0,OK,Thread Group 1-690,text,true,,17,0,410,410,null,0,0,0
1776591342339,77401,Shared DB,0,OK,Thread Group 1-692,text,true,,17,0,410,410,null,0,0,0
1776591340969,78783,Shared DB,0,OK,Thread Group 1-669,text,true,,17,0,408,408,null,0,0,0
1776591330869,89293,Shared DB,0,OK,Thread Group 1-498,text,true,,17,0,407,407,null,0,0,0
1776591340758,79404,Shared DB,0,OK,Thread Group 1-667,text,true,,17,0,407,407,null,0,0,0
1776591341957,78207,Shared DB,0,OK,Thread Group 1-686,text,true,,17,0,405,405,null,0,0,0
1776591342024,78143,Shared DB,0,OK,Thread Group 1-687,text,true,,17,0,404,404,null,0,0,0
1776591342480,77714,Shared DB,0,OK,Thread Group 1-695,text,true,,17,0,403,403,null,0,0,0
1776591347796,72400,Shared DB,0,OK,Thread Group 1-780,text,true,,17,0,402,402,null,0,0,0
1776591330785,89416,Shared DB,0,OK,Thread Group 1-497,text,true,,17,0,401,401,null,0,0,0
1776591346187,74022,Shared DB,0,OK,Thread Group 1-753,text,true,,17,0,400,400,null,0,0,0
1776591347536,72675,Shared DB,0,OK,Thread Group 1-774,text,true,,17,0,399,399,null,0,0,0
1776591347103,73108,Shared DB,0,OK,Thread Group 1-768,text,true,,17,0,399,399,null,0,0,0
1776591346358,73854,Shared DB,0,OK,Thread Group 1-755,text,true,,17,0,397,397,null,0,0,0
1776591347604,72609,Shared DB,0,OK,Thread Group 1-775,text,true,,17,0,396,396,null,0,0,0
1776591342456,77760,Shared DB,0,OK,Thread Group 1-694,text,true,,17,0,395,395,null,0,0,0
1776591348632,71585,Shared DB,0,OK,Thread Group 1-789,text,true,,17,0,394,394,null,0,0,0
1776591341131,79085,Shared DB,0,OK,Thread Group 1-671,text,true,,17,0,394,394,null,0,0,0
1776591347647,72571,Shared DB,0,OK,Thread Group 1-776,text,true,,17,0,392,392,null,0,0,0
1776591329499,90719,Shared DB,0,OK,Thread Group 1-478,text,true,,17,0,391,391,null,0,0,0
1776591333528,86690,Shared DB,0,OK,Thread Group 1-544,text,true,,17,0,391,391,null,0,0,0
1776591344011,76208,Shared DB,0,OK,Thread Group 1-724,text,true,,17,0,389,389,null,0,0,0
1776591325610,94610,Shared DB,0,OK,Thread Group 1-407,text,true,,17,0,388,388,null,0,0,0
1776591349750,70470,Shared DB,0,OK,Thread Group 1-800,text,true,,17,0,387,387,null,0,0,0
1776591341659,78561,Shared DB,0,OK,Thread Group 1-681,text,true,,17,0,386,386,null,0,0,0
1776591346114,74109,Shared DB,0,OK,Thread Group 1-752,text,true,,17,0,385,385,null,0,0,0
1776591339672,80551,Shared DB,0,OK,Thread Group 1-649,text,true,,17,0,384,384,null,0,0,0
1776591345013,75212,Shared DB,0,OK,Thread Group 1-738,text,true,,17,0,383,383,null,0,0,0
1776591346716,73511,Shared DB,0,OK,Thread Group 1-762,text,true,,17,0,382,382,null,0,0,0
1776591335810,84416,Shared DB,0,OK,Thread Group 1-581,text,true,,17,0,381,381,null,0,0,0
1776591327668,92560,Shared DB,0,OK,Thread Group 1-448,text,true,,17,0,380,380,null,0,0,0
1776591348250,71979,Shared DB,0,OK,Thread Group 1-785,text,true,,17,0,379,379,null,0,0,0
1776591343787,76443,Shared DB,0,OK,Thread Group 1-722,text,true,,17,0,378,378,null,0,0,0
1776591342785,77446,Shared DB,0,OK,Thread Group 1-702,text,true,,17,0,377,377,null,0,0,0
1776591348508,71730,Shared DB,0,OK,Thread Group 1-788,text,true,,17,0,376,376,null,0,0,0
1776591347349,72892,Shared DB,0,OK,Thread Group 1-771,text,true,,17,0,375,375,null,0,0,0
1776591324140,96101,Shared DB,0,OK,Thread Group 1-382,text,true,,17,0,375,375,null,0,0,0
1776591335175,85118,Shared DB,0,OK,Thread Group 1-571,text,true,,17,0,373,373,null,0,0,0
1776591351180,69270,Shared DB,0,OK,Thread Group 1-814,text,true,,17,0,372,372,null,0,0,0
1776591344586,75865,Shared DB,0,OK,Thread Group 1-732,text,true,,17,0,371,371,null,0,0,0
1776591342273,78188,Shared DB,0,OK,Thread Group 1-691,text,true,,17,0,370,370,null,0,0,0
1776591347427,73046,Shared DB,0,OK,Thread Group 1-772,text,true,,17,0,369,369,null,0,0,0
1776591332735,87741,Shared DB,0,OK,Thread Group 1-530,text,true,,17,0,368,368,null,0,0,0
1776591346688,73791,Shared DB,0,OK,Thread Group 1-761,text,true,,17,0,367,367,null,0,0,0
1776591329038,91443,Shared DB,0,OK,Thread Group 1-469,text,true,,17,0,366,366,null,0,0,0
1776591328691,91791,Shared DB,0,OK,Thread Group 1-464,text,true,,17,0,365,365,null,0,0,0
1776591342974,77509,Shared DB,0,OK,Thread Group 1-706,text,true,,17,0,364,364,null,0,0,0
1776591329218,91267,Shared DB,0,OK,Thread Group 1-472,text,true,,17,0,363,363,null,0,0,0
1776591340175,80311,Shared DB,0,OK,Thread Group 1-658,text,true,,17,0,362,362,null,0,0,0
1776591348924,71574,Shared DB,0,OK,Thread Group 1-793,text,true,,17,0,361,361,null,0,0,0
1776591342678,77822,Shared DB,0,OK,Thread Group 1-699,text,true,,17,0,360,360,null,0,0,0
1776591343389,77112,Shared DB,0,OK,Thread Group 1-714,text,true,,17,0,359,359,null,0,0,0
1776591348466,72036,Shared DB,0,OK,Thread Group 1-787,text,true,,17,0,358,358,null,0,0,0
1776591347245,73259,Shared DB,0,OK,Thread Group 1-770,text,true,,17,0,357,357,null,0,0,0
1776591347894,72610,Shared DB,0,OK,Thread Group 1-781,text,true,,17,0,357,357,null,0,0,0
1776591336435,84068,Shared DB,0,OK,Thread Group 1-596,text,true,,17,0,355,355,null,0,0,0
1776591344691,75814,Shared DB,0,OK,Thread Group 1-733,text,true,,17,0,354,354,null,0,0,0
1776591325276,95230,Shared DB,0,OK,Thread Group 1-402,text,true,,17,0,353,353,null,0,0,0
1776591339371,81134,Shared DB,0,OK,Thread Group 1-645,text,true,,17,0,352,352,null,0,0,0
1776591341712,78794,Shared DB,0,OK,Thread Group 1-682,text,true,,17,0,351,351,null,0,0,0
1776591318848,101660,Shared DB,0,OK,Thread Group 1-274,text,true,,17,0,350,350,null,0,0,0
1776591348189,72319,Shared DB,0,OK,Thread Group 1-784,text,true,,17,0,350,350,null,0,0,0
1776591344283,76226,Shared DB,0,OK,Thread Group 1-727,text,true,,17,0,348,348,null,0,0,0
1776591317731,102783,Shared DB,0,OK,Thread Group 1-239,text,true,,17,0,347,347,null,0,0,0
1776591344414,76102,Shared DB,0,OK,Thread Group 1-730,text,true,,17,0,346,346,null,0,0,0
1776591321553,98963,Shared DB,0,OK,Thread Group 1-328,text,true,,17,0,346,346,null,0,0,0
1776591330946,89573,Shared DB,0,OK,Thread Group 1-499,text,true,,17,0,344,344,null,0,0,0
1776591334282,86236,Shared DB,0,OK,Thread Group 1-555,text,true,,17,0,344,344,null,0,0,0
1776591348827,71699,Shared DB,0,OK,Thread Group 1-792,text,true,,17,0,342,342,null,0,0,0
1776591331964,88562,Shared DB,0,OK,Thread Group 1-520,text,true,,17,0,342,342,null,0,0,0
1776591348796,71734,Shared DB,0,OK,Thread Group 1-791,text,true,,17,0,340,340,null,0,0,0
1776591328188,92345,Shared DB,0,OK,Thread Group 1-456,text,true,,17,0,339,339,null,0,0,0
1776591339953,80579,Shared DB,0,OK,Thread Group 1-655,text,true,,17,0,338,338,null,0,0,0
1776591336182,84356,Shared DB,0,OK,Thread Group 1-589,text,true,,17,0,337,337,null,0,0,0
1776591342861,77694,Shared DB,0,OK,Thread Group 1-703,text,true,,17,0,336,336,null,0,0,0
1776591330250,90324,Shared DB,0,OK,Thread Group 1-490,text,true,,17,0,335,335,null,0,0,0
1776591346665,73910,Shared DB,0,OK,Thread Group 1-760,text,true,,17,0,334,334,null,0,0,0
1776591321658,98918,Shared DB,0,OK,Thread Group 1-330,text,true,,17,0,333,333,null,0,0,0
1776591339103,81476,Shared DB,0,OK,Thread Group 1-641,text,true,,17,0,332,332,null,0,0,0
1776591318314,102270,Shared DB,0,OK,Thread Group 1-257,text,true,,17,0,331,331,null,0,0,0
1776591342403,78190,Shared DB,0,OK,Thread Group 1-693,text,true,,17,0,330,330,null,0,0,0
1776591347754,72840,Shared DB,0,OK,Thread Group 1-779,text,true,,17,0,330,330,null,0,0,0
1776591338479,82114,Shared DB,0,OK,Thread Group 1-631,text,true,,17,0,330,330,null,0,0,0
1776591336943,83651,Shared DB,0,OK,Thread Group 1-605,text,true,,17,0,327,327,null,0,0,0
1776591336063,84532,Shared DB,0,OK,Thread Group 1-585,text,true,,17,0,326,326,null,0,0,0
1776591334764,85832,Shared DB,0,OK,Thread Group 1-565,text,true,,17,0,325,325,null,0,0,0
1776591341275,79321,Shared DB,0,OK,Thread Group 1-673,text,true,,17,0,324,324,null,0,0,0
1776591330476,90122,Shared DB,0,OK,Thread Group 1-493,text,true,,17,0,323,323,null,0,0,0
1776591325919,94681,Shared DB,0,OK,Thread Group 1-412,text,true,,17,0,322,322,null,0,0,0
1776591344947,75655,Shared DB,0,OK,Thread Group 1-736,text,true,,17,0,321,321,null,0,0,0
1776591349230,71374,Shared DB,0,OK,Thread Group 1-796,text,true,,17,0,320,320,null,0,0,0
1776591342943,77665,Shared DB,0,OK,Thread Group 1-705,text,true,,17,0,319,319,null,0,0,0
1776591327092,93521,Shared DB,0,OK,Thread Group 1-435,text,true,,17,0,318,318,null,0,0,0
1776591324870,95746,Shared DB,0,OK,Thread Group 1-394,text,true,,17,0,317,317,null,0,0,0
1776591336884,83732,Shared DB,0,OK,Thread Group 1-604,text,true,,17,0,316,316,null,0,0,0
1776591327498,93120,Shared DB,0,OK,Thread Group 1-445,text,true,,17,0,315,315,null,0,0,0
1776591347734,72915,Shared DB,0,OK,Thread Group 1-777,text,true,,17,0,314,314,null,0,0,0
1776591341420,79232,Shared DB,0,OK,Thread Group 1-676,text,true,,17,0,313,313,null,0,0,0
1776591326280,94374,Shared DB,0,OK,Thread Group 1-421,text,true,,17,0,312,312,null,0,0,0
1776591322542,98136,Shared DB,0,OK,Thread Group 1-352,text,true,,17,0,311,311,null,0,0,0
1776591343648,77032,Shared DB,0,OK,Thread Group 1-719,text,true,,17,0,310,310,null,0,0,0
1776591322204,98476,Shared DB,0,OK,Thread Group 1-343,text,true,,17,0,310,310,null,0,0,0
1776591332596,88085,Shared DB,0,OK,Thread Group 1-527,text,true,,17,0,308,308,null,0,0,0
1776591343147,77536,Shared DB,0,OK,Thread Group 1-709,text,true,,17,0,307,307,null,0,0,0
1776591349848,70836,Shared DB,0,OK,Thread Group 1-802,text,true,,17,0,306,306,null,0,0,0
1776591327882,92805,Shared DB,0,OK,Thread Group 1-452,text,true,,17,0,305,305,null,0,0,0
1776591321919,98770,Shared DB,0,OK,Thread Group 1-336,text,true,,17,0,304,304,null,0,0,0
1776591340348,80341,Shared DB,0,OK,Thread Group 1-660,text,true,,17,0,303,303,null,0,0,0
1776591349351,71345,Shared DB,0,OK,Thread Group 1-797,text,true,,17,0,302,302,null,0,0,0
1776591349110,71600,Shared DB,0,OK,Thread Group 1-795,text,true,,17,0,301,301,null,0,0,0
1776591335004,85708,Shared DB,0,OK,Thread Group 1-569,text,true,,17,0,300,300,null,0,0,0
1776591350224,70489,Shared DB,0,OK,Thread Group 1-806,text,true,,17,0,300,300,null,0,0,0
1776591323020,97693,Shared DB,0,OK,Thread Group 1-362,text,true,,17,0,300,300,null,0,0,0
1776591345447,75282,Shared DB,0,OK,Thread Group 1-743,text,true,,17,0,297,297,null,0,0,0
1776591325675,95058,Shared DB,0,OK,Thread Group 1-408,text,true,,17,0,296,296,null,0,0,0
1776591343565,77201,Shared DB,0,OK,Thread Group 1-717,text,true,,17,0,295,295,null,0,0,0
1776591342075,78705,Shared DB,0,OK,Thread Group 1-688,text,true,,17,0,294,294,null,0,0,0
1776591324451,96330,Shared DB,0,OK,Thread Group 1-386,text,true,,17,0,294,294,null,0,0,0
1776591331567,89226,Shared DB,0,OK,Thread Group 1-512,text,true,,17,0,292,292,null,0,0,0
1776591338776,82017,Shared DB,0,OK,Thread Group 1-636,text,true,,17,0,291,291,null,0,0,0
1776591342589,78208,Shared DB,0,OK,Thread Group 1-697,text,true,,17,0,290,290,null,0,0,0
1776591327385,93422,Shared DB,0,OK,Thread Group 1-442,text,true,,17,0,289,289,null,0,0,0
1776591331051,89759,Shared DB,0,OK,Thread Group 1-502,text,true,,17,0,288,288,null,0,0,0
1776591335868,84944,Shared DB,0,OK,Thread Group 1-582,text,true,,17,0,287,287,null,0,0,0
1776591333029,87786,Shared DB,0,OK,Thread Group 1-534,text,true,,17,0,286,286,null,0,0,0
1776591345804,75012,Shared DB,0,OK,Thread Group 1-748,text,true,,17,0,286,286,null,0,0,0
1776591325955,94869,Shared DB,0,OK,Thread Group 1-414,text,true,,17,0,284,284,null,0,0,0
1776591333377,87461,Shared DB,0,OK,Thread Group 1-541,text,true,,17,0,283,283,null,0,0,0
1776591331173,89670,Shared DB,0,OK,Thread Group 1-505,text,true,,17,0,282,282,null,0,0,0
1776591341605,79242,Shared DB,0,OK,Thread Group 1-680,text,true,,17,0,281,281,null,0,0,0
1776591345573,75276,Shared DB,0,OK,Thread Group 1-745,text,true,,17,0,280,280,null,0,0,0
1776591343221,77629,Shared DB,0,OK,Thread Group 1-711,text,true,,17,0,279,279,null,0,0,0
1776591335564,85286,Shared DB,0,OK,Thread Group 1-577,text,true,,17,0,278,278,null,0,0,0
1776591318206,102648,Shared DB,0,OK,Thread Group 1-254,text,true,,17,0,277,277,null,0,0,0
1776591337748,83106,Shared DB,0,OK,Thread Group 1-617,text,true,,17,0,276,276,null,0,0,0
1776591326522,94333,Shared DB,0,OK,Thread Group 1-425,text,true,,17,0,276,276,null,0,0,0
1776591342552,78304,Shared DB,0,OK,Thread Group 1-696,text,true,,17,0,274,274,null,0,0,0
1776591335660,85197,Shared DB,0,OK,Thread Group 1-579,text,true,,17,0,273,273,null,0,0,0
1776591346977,73882,Shared DB,0,OK,Thread Group 1-766,text,true,,17,0,272,272,null,0,0,0
1776591341551,79308,Shared DB,0,OK,Thread Group 1-678,text,true,,17,0,271,271,null,0,0,0
1776591323875,96987,Shared DB,0,OK,Thread Group 1-379,text,true,,17,0,270,270,null,0,0,0
1776591342883,77979,Shared DB,0,OK,Thread Group 1-704,text,true,,17,0,269,269,null,0,0,0
1776591325239,95623,Shared DB,0,OK,Thread Group 1-401,text,true,,17,0,269,269,null,0,0,0
1776591346631,74256,Shared DB,0,OK,Thread Group 1-759,text,true,,17,0,267,267,null,0,0,0
1776591340836,80054,Shared DB,0,OK,Thread Group 1-668,text,true,,17,0,266,266,null,0,0,0
1776591345861,75046,Shared DB,0,OK,Thread Group 1-749,text,true,,17,0,265,265,null,0,0,0
1776591341198,79712,Shared DB,0,OK,Thread Group 1-672,text,true,,17,0,264,264,null,0,0,0
1776591327693,93218,Shared DB,0,OK,Thread Group 1-449,text,true,,17,0,264,264,null,0,0,0
1776591336813,84108,Shared DB,0,OK,Thread Group 1-603,text,true,,17,0,262,262,null,0,0,0
1776591325096,95827,Shared DB,0,OK,Thread Group 1-398,text,true,,17,0,261,261,null,0,0,0
1776591338184,82769,Shared DB,0,OK,Thread Group 1-624,text,true,,17,0,260,260,null,0,0,0
1776591339863,81101,Shared DB,0,OK,Thread Group 1-653,text,true,,17,0,259,259,null,0,0,0
1776591337255,83769,Shared DB,0,OK,Thread Group 1-610,text,true,,17,0,258,258,null,0,0,0
1776591330195,90857,Shared DB,0,OK,Thread Group 1-489,text,true,,17,0,257,257,null,0,0,0
1776591323960,97103,Shared DB,0,OK,Thread Group 1-380,text,true,,17,0,256,256,null,0,0,0
1776591337796,83277,Shared DB,0,OK,Thread Group 1-618,text,true,,17,0,255,255,null,0,0,0
1776591330551,90529,Shared DB,0,OK,Thread Group 1-494,text,true,,17,0,254,254,null,0,0,0
1776591321522,99561,Shared DB,0,OK,Thread Group 1-327,text,true,,17,0,253,253,null,0,0,0
1776591336084,84999,Shared DB,0,OK,Thread Group 1-586,text,true,,17,0,252,252,null,0,0,0
1776591335511,85574,Shared DB,0,OK,Thread Group 1-576,text,true,,17,0,251,251,null,0,0,0
1776591348039,73055,Shared DB,0,OK,Thread Group 1-783,text,true,,17,0,250,250,null,0,0,0
1776591322796,98299,Shared DB,0,OK,Thread Group 1-357,text,true,,17,0,249,249,null,0,0,0
1776591345721,75397,Shared DB,0,OK,Thread Group 1-747,text,true,,17,0,248,248,null,0,0,0
1776591323518,97603,Shared DB,0,OK,Thread Group 1-369,text,true,,17,0,247,247,null,0,0,0
1776591339919,81201,Shared DB,0,OK,Thread Group 1-654,text,true,,17,0,247,247,null,0,0,0
1776591337937,83191,Shared DB,0,OK,Thread Group 1-620,text,true,,17,0,245,245,null,0,0,0
1776591319746,101393,Shared DB,0,OK,Thread Group 1-290,text,true,,17,0,244,244,null,0,0,0
1776591344376,76770,Shared DB,0,OK,Thread Group 1-729,text,true,,17,0,243,243,null,0,0,0
1776591338617,82556,Shared DB,0,OK,Thread Group 1-633,text,true,,17,0,242,242,null,0,0,0
1776591336967,84220,Shared DB,0,OK,Thread Group 1-606,text,true,,17,0,241,241,null,0,0,0
1776591327419,93776,Shared DB,0,OK,Thread Group 1-443,text,true,,17,0,240,240,null,0,0,0
1776591329088,92132,Shared DB,0,OK,Thread Group 1-470,text,true,,17,0,239,239,null,0,0,0
1776591346291,74930,Shared DB,0,OK,Thread Group 1-754,text,true,,17,0,238,238,null,0,0,0
1776591339501,81720,Shared DB,0,OK,Thread Group 1-646,text,true,,17,0,237,237,null,0,0,0
1776591344775,76447,Shared DB,0,OK,Thread Group 1-734,text,true,,17,0,236,236,null,0,0,0
1776591331614,89634,Shared DB,0,OK,Thread Group 1-513,text,true,,17,0,235,235,null,0,0,0
1776591340711,80540,Shared DB,0,OK,Thread Group 1-666,text,true,,17,0,234,234,null,0,0,0
1776591343384,77874,Shared DB,0,OK,Thread Group 1-713,text,true,,17,0,233,233,null,0,0,0
1776591343493,77765,Shared DB,0,OK,Thread Group 1-716,text,true,,17,0,233,233,null,0,0,0
1776591333205,88055,Shared DB,0,OK,Thread Group 1-537,text,true,,17,0,231,231,null,0,0,0
1776591340533,80729,Shared DB,0,OK,Thread Group 1-663,text,true,,17,0,230,230,null,0,0,0
1776591330376,90887,Shared DB,0,OK,Thread Group 1-492,text,true,,17,0,230,230,null,0,0,0
1776591323587,97680,Shared DB,0,OK,Thread Group 1-371,text,true,,17,0,228,228,null,0,0,0
1776591332212,89059,Shared DB,0,OK,Thread Group 1-522,text,true,,17,0,227,227,null,0,0,0
1776591331915,89363,Shared DB,0,OK,Thread Group 1-517,text,true,,17,0,226,226,null,0,0,0
1776591346832,74447,Shared DB,0,OK,Thread Group 1-764,text,true,,17,0,225,225,null,0,0,0
1776591347738,73545,Shared DB,0,OK,Thread Group 1-778,text,true,,17,0,224,224,null,0,0,0
1776591322357,98926,Shared DB,0,OK,Thread Group 1-347,text,true,,17,0,224,224,null,0,0,0
1776591339980,81302,Shared DB,0,OK,Thread Group 1-656,text,true,,17,0,223,223,null,0,0,0
1776591343424,77875,Shared DB,0,OK,Thread Group 1-715,text,true,,17,0,221,221,null,0,0,0
1776591325781,95519,Shared DB,0,OK,Thread Group 1-410,text,true,,17,0,220,220,null,0,0,0
1776591336005,85294,Shared DB,0,OK,Thread Group 1-584,text,true,,17,0,220,220,null,0,0,0
1776591338835,82469,Shared DB,0,OK,Thread Group 1-637,text,true,,17,0,218,218,null,0,0,0
1776591339250,82058,Shared DB,0,OK,Thread Group 1-643,text,true,,17,0,217,217,null,0,0,0
1776591328572,92758,Shared DB,0,OK,Thread Group 1-461,text,true,,17,0,216,216,null,0,0,0
1776591340084,81246,Shared DB,0,OK,Thread Group 1-657,text,true,,17,0,215,215,null,0,0,0
1776591323775,97556,Shared DB,0,OK,Thread Group 1-376,text,true,,17,0,215,215,null,0,0,0
1776591344843,76532,Shared DB,0,OK,Thread Group 1-735,text,true,,17,0,213,213,null,0,0,0
1776591344199,77179,Shared DB,0,OK,Thread Group 1-726,text,true,,17,0,212,212,null,0,0,0
1776591321735,99644,Shared DB,0,OK,Thread Group 1-332,text,true,,17,0,211,211,null,0,0,0
1776591331046,90333,Shared DB,0,OK,Thread Group 1-501,text,true,,17,0,211,211,null,0,0,0
1776591330144,91236,Shared DB,0,OK,Thread Group 1-488,text,true,,17,0,209,209,null,0,0,0
1776591333679,87702,Shared DB,0,OK,Thread Group 1-547,text,true,,17,0,208,208,null,0,0,0
1776591325235,96186,Shared DB,0,OK,Thread Group 1-400,text,true,,17,0,207,207,null,0,0,0
1776591326601,94832,Shared DB,0,OK,Thread Group 1-427,text,true,,17,0,207,207,null,0,0,0
1776591340429,81008,Shared DB,0,OK,Thread Group 1-662,text,true,,17,0,207,207,null,0,0,0
1776591326183,95273,Shared DB,0,OK,Thread Group 1-419,text,true,,17,0,204,204,null,0,0,0
1776591331104,90352,Shared DB,0,OK,Thread Group 1-504,text,true,,17,0,204,204,null,0,0,0
1776591329129,92334,Shared DB,0,OK,Thread Group 1-471,text,true,,17,0,202,202,null,0,0,0
1776591346421,75044,Shared DB,0,OK,Thread Group 1-756,text,true,,17,0,201,201,null,0,0,0
1776591343095,78401,Shared DB,0,OK,Thread Group 1-708,text,true,,17,0,200,200,null,0,0,0
1776591343019,78477,Shared DB,0,OK,Thread Group 1-707,text,true,,17,0,200,200,null,0,0,0
1776591351753,72319,Shared DB,0,OK,Thread Group 1-821,text,true,,17,0,198,198,null,0,0,0
1776591351950,72177,Shared DB,0,OK,Thread Group 1-824,text,true,,17,0,197,197,null,0,0,0
1776591352119,72051,Shared DB,0,OK,Thread Group 1-826,text,true,,17,0,196,196,null,0,0,0
1776591351046,73128,Shared DB,0,OK,Thread Group 1-812,text,true,,17,0,195,195,null,0,0,0
1776591352211,71968,Shared DB,0,OK,Thread Group 1-827,text,true,,17,0,194,194,null,0,0,0
1776591351572,72610,Shared DB,0,OK,Thread Group 1-818,text,true,,17,0,193,193,null,0,0,0
1776591348995,75200,Shared DB,0,OK,Thread Group 1-794,text,true,,17,0,192,192,null,0,0,0
1776591352586,71637,Shared DB,0,OK,Thread Group 1-833,text,true,,17,0,191,191,null,0,0,0
1776591349801,74425,Shared DB,0,OK,Thread Group 1-801,text,true,,17,0,190,190,null,0,0,0
1776591352541,71703,Shared DB,0,OK,Thread Group 1-832,text,true,,17,0,189,189,null,0,0,0
1776591350131,74127,Shared DB,0,OK,Thread Group 1-805,text,true,,17,0,188,188,null,0,0,0
1776591351801,72457,Shared DB,0,OK,Thread Group 1-822,text,true,,17,0,188,188,null,0,0,0
1776591351425,72834,Shared DB,0,OK,Thread Group 1-817,text,true,,17,0,186,186,null,0,0,0
1776591349943,74332,Shared DB,0,OK,Thread Group 1-803,text,true,,17,0,185,185,null,0,0,0
1776591350037,74311,Shared DB,0,OK,Thread Group 1-804,text,true,,17,0,184,184,null,0,0,0
1776591352487,71868,Shared DB,0,OK,Thread Group 1-830,text,true,,17,0,183,183,null,0,0,0
1776591351906,72481,Shared DB,0,OK,Thread Group 1-823,text,true,,17,0,182,182,null,0,0,0
1776591352636,71752,Shared DB,0,OK,Thread Group 1-834,text,true,,17,0,181,181,null,0,0,0
1776591350849,73548,Shared DB,0,OK,Thread Group 1-810,text,true,,17,0,180,180,null,0,0,0
1776591351713,72690,Shared DB,0,OK,Thread Group 1-820,text,true,,17,0,179,179,null,0,0,0
1776591351276,73127,Shared DB,0,OK,Thread Group 1-815,text,true,,17,0,179,179,null,0,0,0
1776591350506,73925,Shared DB,0,OK,Thread Group 1-807,text,true,,17,0,177,177,null,0,0,0
1776591353086,71844,Shared DB,0,OK,Thread Group 1-842,text,true,,17,0,176,176,null,0,0,0
1776591351653,73623,Shared DB,0,OK,Thread Group 1-819,text,true,,17,0,175,175,null,0,0,0
1776591349433,75843,Shared DB,0,OK,Thread Group 1-798,text,true,,17,0,175,175,null,0,0,0
1776591353993,71286,Shared DB,0,OK,Thread Group 1-853,text,true,,17,0,173,173,null,0,0,0
1776591350701,74618,Shared DB,0,OK,Thread Group 1-808,text,true,,17,0,172,172,null,0,0,0
1776591352757,72575,Shared DB,0,OK,Thread Group 1-838,text,true,,17,0,171,171,null,0,0,0
1776591350962,74444,Shared DB,0,OK,Thread Group 1-811,text,true,,17,0,170,170,null,0,0,0
1776591352329,73086,Shared DB,0,OK,Thread Group 1-828,text,true,,17,0,169,169,null,0,0,0
1776591353561,71890,Shared DB,0,OK,Thread Group 1-849,text,true,,17,0,168,168,null,0,0,0
1776591352719,72770,Shared DB,0,OK,Thread Group 1-836,text,true,,17,0,167,167,null,0,0,0
1776591351106,74403,Shared DB,0,OK,Thread Group 1-813,text,true,,17,0,166,166,null,0,0,0
1776591353249,72282,Shared DB,0,OK,Thread Group 1-844,text,true,,17,0,165,165,null,0,0,0
1776591353894,71712,Shared DB,0,OK,Thread Group 1-852,text,true,,17,0,164,164,null,0,0,0
1776591352012,73648,Shared DB,0,OK,Thread Group 1-825,text,true,,17,0,163,163,null,0,0,0
1776591355724,69980,Shared DB,0,OK,Thread Group 1-876,text,true,,17,0,162,162,null,0,0,0
1776591352492,73212,Shared DB,0,OK,Thread Group 1-831,text,true,,17,0,161,161,null,0,0,0
1776591350778,74947,Shared DB,0,OK,Thread Group 1-809,text,true,,17,0,160,160,null,0,0,0
1776591354610,71161,Shared DB,0,OK,Thread Group 1-859,text,true,,17,0,159,159,null,0,0,0
1776591356977,68978,Shared DB,0,OK,Thread Group 1-897,text,true,,17,0,158,158,null,0,0,0
1776591352394,73608,Shared DB,0,OK,Thread Group 1-829,text,true,,17,0,157,157,null,0,0,0
1776591353019,72987,Shared DB,0,OK,Thread Group 1-841,text,true,,17,0,156,156,null,0,0,0
1776591354318,71765,Shared DB,0,OK,Thread Group 1-856,text,true,,17,0,155,155,null,0,0,0
1776591355553,70531,Shared DB,0,OK,Thread Group 1-874,text,true,,17,0,154,154,null,0,0,0
1776591353173,72921,Shared DB,0,OK,Thread Group 1-843,text,true,,17,0,153,153,null,0,0,0
1776591352661,73525,Shared DB,0,OK,Thread Group 1-835,text,true,,17,0,152,152,null,0,0,0
1776591352725,73529,Shared DB,0,OK,Thread Group 1-837,text,true,,17,0,151,151,null,0,0,0
1776591355400,70882,Shared DB,0,OK,Thread Group 1-871,text,true,,17,0,150,150,null,0,0,0
1776591355313,70975,Shared DB,0,OK,Thread Group 1-869,text,true,,17,0,149,149,null,0,0,0
1776591353274,73137,Shared DB,0,OK,Thread Group 1-845,text,true,,17,0,148,148,null,0,0,0
1776591356561,69874,Shared DB,0,OK,Thread Group 1-892,text,true,,17,0,147,147,null,0,0,0
1776591356443,70621,Shared DB,0,OK,Thread Group 1-889,text,true,,17,0,146,146,null,0,0,0
1776591353655,73414,Shared DB,0,OK,Thread Group 1-850,text,true,,17,0,145,145,null,0,0,0
1776591355210,71877,Shared DB,0,OK,Thread Group 1-867,text,true,,17,0,144,144,null,0,0,0
1776591354466,72643,Shared DB,0,OK,Thread Group 1-858,text,true,,17,0,143,143,null,0,0,0
1776591354368,72787,Shared DB,0,OK,Thread Group 1-857,text,true,,17,0,142,142,null,0,0,0
1776591357272,70143,Shared DB,0,OK,Thread Group 1-901,text,true,,17,0,141,141,null,0,0,0
1776591356356,71070,Shared DB,0,OK,Thread Group 1-887,text,true,,17,0,140,140,null,0,0,0
1776591356643,70807,Shared DB,0,OK,Thread Group 1-893,text,true,,17,0,139,139,null,0,0,0
1776591357693,69848,Shared DB,0,OK,Thread Group 1-906,text,true,,17,0,138,138,null,0,0,0
1776591354105,73442,Shared DB,0,OK,Thread Group 1-854,text,true,,17,0,137,137,null,0,0,0
1776591356395,71156,Shared DB,0,OK,Thread Group 1-888,text,true,,17,0,136,136,null,0,0,0
1776591353743,73808,Shared DB,0,OK,Thread Group 1-851,text,true,,17,0,136,136,null,0,0,0
1776591360064,67492,Shared DB,0,OK,Thread Group 1-941,text,true,,17,0,134,134,null,0,0,0
1776591355269,72287,Shared DB,0,OK,Thread Group 1-868,text,true,,17,0,133,133,null,0,0,0
1776591355809,71749,Shared DB,0,OK,Thread Group 1-879,text,true,,17,0,132,132,null,0,0,0
1776591357190,70368,Shared DB,0,OK,Thread Group 1-899,text,true,,17,0,132,132,null,0,0,0
1776591353373,74185,Shared DB,0,OK,Thread Group 1-846,text,true,,17,0,130,130,null,0,0,0
1776591354213,73356,Shared DB,0,OK,Thread Group 1-855,text,true,,17,0,129,129,null,0,0,0
1776591353379,74190,Shared DB,0,OK,Thread Group 1-847,text,true,,17,0,129,129,null,0,0,0
1776591358541,69044,Shared DB,0,OK,Thread Group 1-915,text,true,,17,0,127,127,null,0,0,0
1776591352950,74641,Shared DB,0,OK,Thread Group 1-840,text,true,,17,0,126,126,null,0,0,0
1776591355782,71813,Shared DB,0,OK,Thread Group 1-878,text,true,,17,0,125,125,null,0,0,0
1776591352842,74765,Shared DB,0,OK,Thread Group 1-839,text,true,,17,0,124,124,null,0,0,0
1776591355040,72585,Shared DB,0,OK,Thread Group 1-865,text,true,,17,0,123,123,null,0,0,0
1776591355506,72130,Shared DB,0,OK,Thread Group 1-873,text,true,,17,0,122,122,null,0,0,0
1776591353451,74187,Shared DB,0,OK,Thread Group 1-848,text,true,,17,0,121,121,null,0,0,0
1776591356153,71492,Shared DB,0,OK,Thread Group 1-883,text,true,,17,0,120,120,null,0,0,0
1776591354796,72849,Shared DB,0,OK,Thread Group 1-862,text,true,,17,0,119,119,null,0,0,0
1776591357590,70056,Shared DB,0,OK,Thread Group 1-905,text,true,,17,0,118,118,null,0,0,0
1776591358382,69303,Shared DB,0,OK,Thread Group 1-913,text,true,,17,0,117,117,null,0,0,0
1776591355397,72313,Shared DB,0,OK,Thread Group 1-870,text,true,,17,0,116,116,null,0,0,0
1776591357869,69956,Shared DB,0,OK,Thread Group 1-908,text,true,,17,0,115,115,null,0,0,0
1776591357787,70052,Shared DB,0,OK,Thread Group 1-907,text,true,,17,0,114,114,null,0,0,0
1776591354745,73107,Shared DB,0,OK,Thread Group 1-861,text,true,,17,0,113,113,null,0,0,0
1776591359581,68797,Shared DB,0,OK,Thread Group 1-931,text,true,,17,0,112,112,null,0,0,0
1776591357918,70470,Shared DB,0,OK,Thread Group 1-909,text,true,,17,0,111,111,null,0,0,0
1776591358678,69769,Shared DB,0,OK,Thread Group 1-917,text,true,,17,0,110,110,null,0,0,0
1776591360822,67625,Shared DB,0,OK,Thread Group 1-957,text,true,,17,0,110,110,null,0,0,0
1776591359471,68992,Shared DB,0,OK,Thread Group 1-930,text,true,,17,0,108,108,null,0,0,0
1776591361667,66804,Shared DB,0,OK,Thread Group 1-967,text,true,,17,0,107,107,null,0,0,0
1776591360086,68490,Shared DB,0,OK,Thread Group 1-945,text,true,,17,0,106,106,null,0,0,0
1776591355877,72737,Shared DB,0,OK,Thread Group 1-880,text,true,,17,0,105,105,null,0,0,0
1776591359036,69627,Shared DB,0,OK,Thread Group 1-922,text,true,,17,0,104,104,null,0,0,0
1776591394875,33789,Shared DB,0,OK,Thread Group 1-998,text,true,,17,0,103,103,null,0,0,0
1776591362992,65680,Shared DB,0,OK,Thread Group 1-983,text,true,,17,0,102,102,null,0,0,0
1776591360107,68565,Shared DB,0,OK,Thread Group 1-949,text,true,,17,0,102,102,null,0,0,0
1776591358726,69964,Shared DB,0,OK,Thread Group 1-918,text,true,,17,0,100,100,null,0,0,0
1776591359986,68719,Shared DB,0,OK,Thread Group 1-937,text,true,,17,0,99,99,null,0,0,0
1776591359770,68935,Shared DB,0,OK,Thread Group 1-934,text,true,,17,0,99,99,null,0,0,0
1776591356068,72654,Shared DB,0,OK,Thread Group 1-882,text,true,,17,0,97,97,null,0,0,0
1776591356448,72279,Shared DB,0,OK,Thread Group 1-890,text,true,,17,0,96,96,null,0,0,0
1776591355432,74167,Shared DB,0,OK,Thread Group 1-872,text,true,,17,0,95,95,null,0,0,0
1776591356697,72965,Shared DB,0,OK,Thread Group 1-894,text,true,,17,0,94,94,null,0,0,0
1776591363169,66501,Shared DB,0,OK,Thread Group 1-987,text,true,,17,0,93,93,null,0,0,0
1776591359393,70456,Shared DB,0,OK,Thread Group 1-928,text,true,,17,0,92,92,null,0,0,0
1776591363214,66652,Shared DB,0,OK,Thread Group 1-988,text,true,,17,0,91,91,null,0,0,0
1776591354964,74907,Shared DB,0,OK,Thread Group 1-864,text,true,,17,0,90,90,null,0,0,0
1776591357365,72509,Shared DB,0,OK,Thread Group 1-902,text,true,,17,0,89,89,null,0,0,0
1776591389442,40429,Shared DB,0,OK,Thread Group 1-954,text,true,,17,0,88,88,null,0,0,0
1776591359843,70032,Shared DB,0,OK,Thread Group 1-935,text,true,,17,0,88,88,null,0,0,0
1776591362249,67628,Shared DB,0,OK,Thread Group 1-974,text,true,,17,0,86,86,null,0,0,0
1776591354697,75195,Shared DB,0,OK,Thread Group 1-860,text,true,,17,0,85,85,null,0,0,0
1776591356503,73389,Shared DB,0,OK,Thread Group 1-891,text,true,,17,0,85,85,null,0,0,0
1776591360067,69837,Shared DB,0,OK,Thread Group 1-942,text,true,,17,0,83,83,null,0,0,0
1776591362085,67823,Shared DB,0,OK,Thread Group 1-972,text,true,,17,0,82,82,null,0,0,0
1776591363319,66589,Shared DB,0,OK,Thread Group 1-990,text,true,,17,0,82,82,null,0,0,0
1776591394875,35035,Shared DB,0,OK,Thread Group 1-994,text,true,,17,0,80,80,null,0,0,0
1776591362956,66955,Shared DB,0,OK,Thread Group 1-982,text,true,,17,0,79,79,null,0,0,0
1776591359713,70199,Shared DB,0,OK,Thread Group 1-933,text,true,,17,0,79,79,null,0,0,0
1776591360075,69837,Shared DB,0,OK,Thread Group 1-943,text,true,,17,0,78,78,null,0,0,0
1776591361485,68429,Shared DB,0,OK,Thread Group 1-964,text,true,,17,0,76,76,null,0,0,0
1776591362811,67104,Shared DB,0,OK,Thread Group 1-980,text,true,,17,0,75,75,null,0,0,0
1776591359184,70731,Shared DB,0,OK,Thread Group 1-925,text,true,,17,0,75,75,null,0,0,0
1776591363019,66901,Shared DB,0,OK,Thread Group 1-984,text,true,,17,0,73,73,null,0,0,0
1776591394874,35045,Shared DB,0,OK,Thread Group 1-999,text,true,,17,0,73,73,null,0,0,0
1776591394874,35046,Shared DB,0,OK,Thread Group 1-997,text,true,,17,0,71,71,null,0,0,0
1776591362844,67078,Shared DB,0,OK,Thread Group 1-981,text,true,,17,0,71,71,null,0,0,0
1776591359091,70836,Shared DB,0,OK,Thread Group 1-923,text,true,,17,0,69,69,null,0,0,0
1776591362632,67299,Shared DB,0,OK,Thread Group 1-977,text,true,,17,0,68,68,null,0,0,0
1776591359427,70509,Shared DB,0,OK,Thread Group 1-929,text,true,,17,0,67,67,null,0,0,0
1776591361899,68037,Shared DB,0,OK,Thread Group 1-970,text,true,,17,0,67,67,null,0,0,0
1776591360955,68984,Shared DB,0,OK,Thread Group 1-959,text,true,,17,0,65,65,null,0,0,0
1776591361328,68612,Shared DB,0,OK,Thread Group 1-962,text,true,,17,0,64,64,null,0,0,0
1776591360080,69861,Shared DB,0,OK,Thread Group 1-944,text,true,,17,0,63,63,null,0,0,0
1776591357072,72871,Shared DB,0,OK,Thread Group 1-898,text,true,,17,0,62,62,null,0,0,0
1776591357239,72705,Shared DB,0,OK,Thread Group 1-900,text,true,,17,0,62,62,null,0,0,0
1776591356236,73710,Shared DB,0,OK,Thread Group 1-885,text,true,,17,0,60,60,null,0,0,0
1776591358620,71364,Shared DB,0,OK,Thread Group 1-916,text,true,,17,0,59,59,null,0,0,0
1776591360316,69668,Shared DB,0,OK,Thread Group 1-952,text,true,,17,0,59,59,null,0,0,0
1776591360816,69171,Shared DB,0,OK,Thread Group 1-956,text,true,,17,0,57,57,null,0,0,0
1776591361843,68145,Shared DB,0,OK,Thread Group 1-969,text,true,,17,0,56,56,null,0,0,0
1776591362774,67215,Shared DB,0,OK,Thread Group 1-979,text,true,,17,0,55,55,null,0,0,0
1776591357494,72496,Shared DB,0,OK,Thread Group 1-904,text,true,,17,0,54,54,null,0,0,0
1776591360116,69957,Shared DB,0,OK,Thread Group 1-950,text,true,,17,0,53,53,null,0,0,0
1776591360123,69965,Shared DB,0,OK,Thread Group 1-951,text,true,,17,0,52,52,null,0,0,0
1776591358865,71227,Shared DB,0,OK,Thread Group 1-920,text,true,,17,0,51,51,null,0,0,0
1776591361945,68147,Shared DB,0,OK,Thread Group 1-971,text,true,,17,0,50,50,null,0,0,0
1776591363291,66802,Shared DB,0,OK,Thread Group 1-989,text,true,,17,0,49,49,null,0,0,0
1776591355123,74970,Shared DB,0,OK,Thread Group 1-866,text,true,,17,0,49,49,null,0,0,0
1776591360036,70058,Shared DB,0,OK,Thread Group 1-940,text,true,,17,0,47,47,null,0,0,0
1776591358502,71592,Shared DB,0,OK,Thread Group 1-914,text,true,,17,0,46,46,null,0,0,0
1776591360467,69628,Shared DB,0,OK,Thread Group 1-953,text,true,,17,0,45,45,null,0,0,0
1776591394874,35221,Shared DB,0,OK,Thread Group 1-1000,text,true,,17,0,45,45,null,0,0,0
1776591361785,68311,Shared DB,0,OK,Thread Group 1-968,text,true,,17,0,45,45,null,0,0,0
1776591360899,69205,Shared DB,0,OK,Thread Group 1-958,text,true,,17,0,42,42,null,0,0,0
1776591394875,35228,Shared DB,0,OK,Thread Group 1-996,text,true,,17,0,42,42,null,0,0,0
1776591355746,74367,Shared DB,0,OK,Thread Group 1-877,text,true,,17,0,40,40,null,0,0,0
1776591359884,70229,Shared DB,0,OK,Thread Group 1-936,text,true,,17,0,40,40,null,0,0,0
1776591358015,72099,Shared DB,0,OK,Thread Group 1-910,text,true,,17,0,38,38,null,0,0,0
1776591358187,71942,Shared DB,0,OK,Thread Group 1-911,text,true,,17,0,37,37,null,0,0,0
1776591360102,70033,Shared DB,0,OK,Thread Group 1-948,text,true,,17,0,36,36,null,0,0,0
1776591362384,67752,Shared DB,0,OK,Thread Group 1-975,text,true,,17,0,35,35,null,0,0,0
1776591360097,70042,Shared DB,0,OK,Thread Group 1-947,text,true,,17,0,34,34,null,0,0,0
1776591394874,35264,Shared DB,0,OK,Thread Group 1-993,text,true,,17,0,33,33,null,0,0,0
1776591356287,73852,Shared DB,0,OK,Thread Group 1-886,text,true,,17,0,32,32,null,0,0,0
1776591358802,71338,Shared DB,0,OK,Thread Group 1-919,text,true,,17,0,31,31,null,0,0,0
1776591389422,40724,Shared DB,0,OK,Thread Group 1-966,text,true,,17,0,30,30,null,0,0,0
1776591394873,35278,Shared DB,0,OK,Thread Group 1-995,text,true,,17,0,29,29,null,0,0,0
1776591357415,72738,Shared DB,0,OK,Thread Group 1-903,text,true,,17,0,28,28,null,0,0,0
1776591360730,69424,Shared DB,0,OK,Thread Group 1-955,text,true,,17,0,27,27,null,0,0,0
1776591359266,70893,Shared DB,0,OK,Thread Group 1-926,text,true,,17,0,26,26,null,0,0,0
1776591360031,70128,Shared DB,0,OK,Thread Group 1-939,text,true,,17,0,26,26,null,0,0,0
1776591361493,68666,Shared DB,0,OK,Thread Group 1-965,text,true,,17,0,26,26,null,0,0,0
1776591362525,67635,Shared DB,0,OK,Thread Group 1-976,text,true,,17,0,23,23,null,0,0,0
1776591359296,70869,Shared DB,0,OK,Thread Group 1-927,text,true,,17,0,22,22,null,0,0,0
1776591361053,69112,Shared DB,0,OK,Thread Group 1-960,text,true,,17,0,21,21,null,0,0,0
1776591356862,73305,Shared DB,0,OK,Thread Group 1-896,text,true,,17,0,20,20,null,0,0,0
1776591358944,71225,Shared DB,0,OK,Thread Group 1-921,text,true,,17,0,19,19,null,0,0,0
1776591356728,73441,Shared DB,0,OK,Thread Group 1-895,text,true,,17,0,19,19,null,0,0,0
1776591355953,74218,Shared DB,0,OK,Thread Group 1-881,text,true,,17,0,17,17,null,0,0,0
1776591363131,67041,Shared DB,0,OK,Thread Group 1-986,text,true,,17,0,16,16,null,0,0,0
1776591389422,40746,Shared DB,0,OK,Thread Group 1-946,text,true,,17,0,15,15,null,0,0,0
1776591394875,35297,Shared DB,0,OK,Thread Group 1-992,text,true,,17,0,14,14,null,0,0,0
1776591356198,73975,Shared DB,0,OK,Thread Group 1-884,text,true,,17,0,14,14,null,0,0,0
1776591358218,71955,Shared DB,0,OK,Thread Group 1-912,text,true,,17,0,14,14,null,0,0,0
1776591361436,68738,Shared DB,0,OK,Thread Group 1-963,text,true,,17,0,11,11,null,0,0,0
1776591354854,75322,Shared DB,0,OK,Thread Group 1-863,text,true,,17,0,10,10,null,0,0,0
1776591362138,68038,Shared DB,0,OK,Thread Group 1-973,text,true,,17,0,10,10,null,0,0,0
1776591359148,71029,Shared DB,0,OK,Thread Group 1-924,text,true,,17,0,8,8,null,0,0,0
1776591362741,67437,Shared DB,0,OK,Thread Group 1-978,text,true,,17,0,7,7,null,0,0,0
1776591359669,70510,Shared DB,0,OK,Thread Group 1-932,text,true,,17,0,6,6,null,0,0,0
1776591363094,67087,Shared DB,0,OK,Thread Group 1-985,text,true,,17,0,5,5,null,0,0,0
1776591363368,66813,Shared DB,0,OK,Thread Group 1-991,text,true,,17,0,4,4,null,0,0,0
1776591361165,69017,Shared DB,0,OK,Thread Group 1-961,text,true,,17,0,3,3,null,0,0,0
1776591360017,70167,Shared DB,0,OK,Thread Group 1-938,text,true,,17,0,2,2,null,0,0,0
1776591355597,74587,Shared DB,0,OK,Thread Group 1-875,text,true,,17,0,2,2,null,0,0,0
